tic,shortname,longname,type,desired_page,no_headlines,last_date,last_headline,last_url,no_records
A,"Agilent Technologies, Inc.","Agilent Technologies, Inc.",stocks,9999,1,2025-08-30 04:00:00+00:00,Barclays Maintains Equal-Weight on Agilent Te...,https://www.benzinga.com/news/25/08/47414516/barclays-maintains-equal-weight-on-agilent-technologies-maintains-125-price-target,0
AAL,"American Airlines Group, Inc.",American Airlines Group Inc.,stocks,9999,5,2025-09-03 04:00:00+00:00,"Cash Crunch Forces Spirit Airlines To File Bankruptcy, Shrink Network And Fleet",https://www.benzinga.com/markets/equities/25/09/47450339/cash-crunch-forces-spirit-airlines-to-file-bankruptcy-shrink-network-and-fleet,0
AAPL,Apple Inc.,Tim Cook,stocks,9999,70,2025-09-04 10:19:00+00:00,"Google Services Crash: Gmail, YouTube, Maps Reportedly Experience Major Outages Across Eastern Europe, US Cities",https://www.benzinga.com/markets/equities/25/09/47493557/google-services-crash-gmail-youtube-maps-reportedly-experience-major-outages-across-eastern-europe-us-cities,0
ABBV,AbbVie Inc.,AbbVie Inc.,stocks,9999,1,2025-09-03 21:00:00+00:00,Here's How Much You Would Have Made Owning AbbVie Stock In The Last 5 Years,https://www.benzinga.com/insights/news/25/09/47486534/heres-how-much-you-would-have-made-owning-abbvie-stock-in-the-last-5-years,0
ABNB,"Airbnb, Inc.","Airbnb, Inc.",stocks,9999,2,2025-09-03 13:00:00+00:00,"Truist Securities Maintains Sell on Airbnb, L...",https://www.benzinga.com/news/25/09/47470689/truist-securities-maintains-sell-on-airbnb-lowers-price-target-to-104,0
ABT,Abbott Laboratories,Abbott Laboratories,stocks,9999,1,2025-09-03 15:00:00+00:00,Peering Into Abbott Laboratories's Recent Short Interest,https://www.benzinga.com/insights/short-sellers/25/09/47476293/peering-into-abbott-laboratoriess-recent-short-interest,0
ACN,Accenture plc,Accenture plc,stocks,9999,7,2025-09-03 18:00:00+00:00,Is Accenture Gaining or Losing Market Support?,https://www.benzinga.com/insights/short-sellers/25/09/47481913/is-accenture-gaining-or-losing-market-support,0
ADBE,Adobe Inc.,Adobe Inc.,stocks,9999,8,2025-09-03 04:00:00+00:00,Shares of broader software stocks are trading...,https://www.benzinga.com/wiim/25/09/47458142/shares-of-broader-software-stocks-are-trading-lower-amid-broader-market-weakness-as-treasury-yields,0
ADI,"Analog Devices, Inc.","Analog Devices, Inc.",stocks,9999,3,2025-08-30 04:00:00+00:00,"PDD Holdings Rockets, Analog Devices Strengthens, Fomento Económico Re-Rated, Parker Grows: Fundamental Shifts Signal New Market Momentum",https://www.benzinga.com/trading-ideas/movers/25/08/47426360/pdd-holdings-rockets-analog-devices-strengthens-fomento-economico-re-rated-parker-grows-fundamental-shifts-signal-new-market-momentum,0
ADM,Archer-Daniels-Midland Company,Archer-Daniels-Midland Company,stocks,9999,1,2025-09-03 18:00:00+00:00,Reuters Reports ADM During Barclays Conf Says...,https://www.benzinga.com/news/25/09/47481684/reuters-reports-adm-during-barclays-conf-says-it-is-on-track-to-deliver-about-200m-to-300m-in-cost-r,0
ADP,"Automatic Data Processing, Inc.","Automatic Data Processing, Inc.",stocks,9999,2,2025-09-03 18:00:00+00:00,10 Industrials Stocks With Whale Alerts In Today's Session,https://www.benzinga.com/insights/options/25/09/47481352/10-industrials-stocks-with-whale-alerts-in-todays-session,0
ADSK,"Autodesk, Inc.","Autodesk, Inc.",stocks,9999,1,2025-09-03 04:00:00+00:00,Stock Of The Day – Is The Autodesk Rally Over?,https://www.benzinga.com/trading-ideas/movers/25/09/47455370/stock-of-the-day-is-the-autodesk-rally-over,0
AEE,Ameren Corporation,Ameren Corporation,stocks,9999,1,2025-09-03 04:00:00+00:00,Ameren Missouri to Build a New Solar Facility...,https://www.benzinga.com/news/25/09/47467254/ameren-missouri-to-build-a-new-solar-facility-to-power-44-000-homes,0
AEP,American Electric Power Company,"American Electric Power Company, Inc.",stocks,9999,1,2025-08-15 19:07:00+00:00,"Icahn Hedge Fund's Q2 Moves: Centuri Stake Soars, JetBlue Held, 2 Positions Exited",https://www.benzinga.com/markets/hedge-funds/25/08/47166066/icahn-hedge-funds-q2-moves-centuri-stake-soars-jetblue-held-2-positions-exited,0
AES,The AES Corporation,The AES Corporation,stocks,9999,2,2025-08-26 11:51:00+00:00,Wall Street's Most Accurate Analysts Spotlight On 3 Utilities Stocks Delivering High-Dividend Yields,https://www.benzinga.com/trading-ideas/dividends/25/08/47328719/wall-streets-most-accurate-analysts-spotlight-on-3-utilities-stocks-delivering-high-dividend-yields-10,0
AFL,AFLAC Incorporated,Aflac Incorporated,stocks,9999,1,2025-08-18 13:01:00+00:00,Morgan Stanley Maintains Equal-Weight on Afla...,https://www.benzinga.com/news/25/08/47183931/morgan-stanley-maintains-equal-weight-on-aflac-raises-price-target-to-113,0
AIG,"American International Group, I","American International Group, Inc.",stocks,9999,2,2025-09-03 14:00:00+00:00,Peering Into American International Gr's Recent Short Interest,https://www.benzinga.com/insights/short-sellers/25/09/47473941/peering-into-american-international-grs-recent-short-interest,0
AIZ,"Assurant, Inc.","Assurant, Inc.",stocks,9999,1,2025-08-20 12:27:00+00:00,Assurant Expands Partnership With Holman; To ...,https://www.benzinga.com/news/25/08/47231878/assurant-expands-partnership-with-holman-to-support-30-newly-added-dealership-location-with-finance,0
AJG,Arthur J. Gallagher & Co.,Arthur J. Gallagher & Co.,stocks,9999,3,2025-09-03 15:00:00+00:00,Goldman Sachs Reinstates Buy on Arthur J. Gal...,https://www.benzinga.com/news/25/09/47476035/goldman-sachs-reinstates-buy-on-arthur-j-gallagher-announces-344-price-target,0
AKAM,"Akamai Technologies, Inc.","Akamai Technologies, Inc.",stocks,9999,1,2025-08-21 15:16:00+00:00,FTC Chairman Ferguson Warns Companies Against...,https://www.benzinga.com/economics/macro-economic-events/25/08/47262376/ftc-chairman-ferguson-warns-companies-against-censoring-or-weakening-the-data-sec,0
ALB,Albemarle Corporation,Albemarle Corporation,stocks,9999,5,2025-09-03 20:00:00+00:00,Peering Into Albemarle's Recent Short Interest,https://www.benzinga.com/insights/short-sellers/25/09/47484663/peering-into-albemarles-recent-short-interest,0
ALGN,"Align Technology, Inc.","Align Technology, Inc.",stocks,9999,1,2025-08-22 17:15:00+00:00,"Dow Hits Record Highs, Small Caps Soar On Powell's Shift: What's Moving Markets Friday?",https://www.benzinga.com/markets/market-summary/25/08/47289236/markets-today-friday-wall-street-small-caps-powell-interest-rates-jackson-hole,0
ALL,Allstate Corporation (The),The Allstate Corporation,stocks,9999,1,2025-09-02 04:00:00+00:00,$100 Invested In Allstate 5 Years Ago Would Be Worth This Much Today,https://www.benzinga.com/insights/news/25/09/47439752/100-invested-in-allstate-5-years-ago-would-be-worth-this-much-today,0
ALLE,Allegion plc,Allegion plc,stocks,9999,1,2025-08-17 15:31:00+00:00,"Warren Buffett Doubles Down On America's Housing Boom, Upping Berkshire's Holdings In Homebuilders And Building Supply Firms By Triple Digits",https://www.benzinga.com/real-estate/25/08/47174809/warren-buffett-doubles-down-on-americas-housing-boom-upping-berkshires-holdings-in-homebuilders-and-building-supply-firms-by-triple-digits,0
AMAT,"Applied Materials, Inc.","Applied Materials, Inc.",stocks,9999,2,2025-09-03 16:00:00+00:00,Behind the Scenes of Applied Mat's Latest Options Trends,https://www.benzinga.com/insights/options/25/09/47478479/behind-the-scenes-of-applied-mats-latest-options-trends,0
AMD,"Advanced Micro Devices, Inc.","Advanced Micro Devices, Inc.",stocks,9999,13,2025-09-04 05:00:00+00:00,"Trump Snubs Elon Musk, Invites Sam Altman, Bill Gates, Mark Zuckerberg And Others To Newly Renovated Rose Garden",https://www.benzinga.com/news/politics/25/09/47490619/trump-snubs-elon-musk-invites-sam-altman-bill-gates-mark-zuckerberg-and-others-to-newly-renovated-rose-garden,0
AME,"AMETEK, Inc.","AMETEK, Inc.",stocks,9999,1,2025-09-03 04:00:00+00:00,Forecasting The Future: 7 Analyst Projections For AMETEK,https://www.benzinga.com/insights/analyst-ratings/25/09/47447641/forecasting-the-future-7-analyst-projections-for-ametek,0
AMGN,Amgen Inc.,Amgen Inc.,stocks,9999,7,2025-09-03 17:00:00+00:00,Raymond James Assumes Amgen at Market Perform,https://www.benzinga.com/news/25/09/47479789/raymond-james-assumes-amgen-at-market-perform,0
AMP,"Ameriprise Financial, Inc.","Ameriprise Financial, Inc.",stocks,9999,1,2025-08-30 04:00:00+00:00,$1000 Invested In This Stock 20 Years Ago Would Be Worth This Much Today,https://www.benzinga.com/insights/news/25/08/47428299/1000-invested-in-this-stock-20-years-ago-would-be-worth-this-much-today,0
AMT,American Tower Corporation (REI,American Tower Corporation,stocks,9999,3,2025-08-26 15:25:00+00:00,Home Prices Are Quietly Cracking—The Last Time It Looked Like This Was 2010,https://www.benzinga.com/analyst-stock-ratings/analyst-color/25/08/47336515/us-house-home-price-index-data-outlook-real-estate-property-market,0
AMZN,"Amazon.com, Inc.","Amazon.com, Inc.",stocks,9999,32,2025-09-04 10:09:00+00:00,Brian Armstrong Wants More Than Half Of Daily Code Written At Coinbase To Be AI-Generated: Should Use 'Responsibly As Much As We Possibly Can',https://www.benzinga.com/crypto/25/09/47493320/brian-armstrong-wants-more-than-half-of-daily-code-written-at-coinbase-to-be-ai-generated-should-use-responsibly-as-much-as-we-possibly-can,0
ANET,"Arista Networks, Inc.","Arista Networks, Inc.",stocks,9999,4,2025-09-03 16:00:00+00:00,Morgan Stanley Maintains Overweight on Arista...,https://www.benzinga.com/news/25/09/47479459/morgan-stanley-maintains-overweight-on-arista-networks-raises-price-target-to-135,0
ANSS,"ANSYS, Inc.","ANSYS, Inc.",stocks,0,0,2025-06-13 09:32:00+00:00,Chinese Antitrust Regulator Delays $35 Billion US Chip Merger Amid Trade Tensions: Report,https://www.benzinga.com/markets/tech/25/06/45921026/chinese-antitrust-regulator-delays-35-billion-us-chip-merger-amid-trade-tensions-report,0
AON,Aon plc,Aon plc,stocks,9999,2,2025-09-04 08:00:00+00:00,Aon Signs Multi-Year Agreement As Official Pa...,https://www.benzinga.com/news/25/09/47492079/aon-signs-multi-year-agreement-as-official-partner-of-scuderia-ferrari-hp-beginning-at-italian-grand,0
AOS,A.O. Smith Corporation,A. O. Smith Corporation,stocks,9999,1,2025-07-31 15:01:00+00:00,Executive Chairman At A.O. Smith Exercises Options Worth $842K,https://www.benzinga.com/insights/news/25/07/46761498/executive-chairman-at-a-o-smith-exercises-options-worth-842k,0
APA,APA Corporation,APA Corporation,stocks,9999,2,2025-09-03 18:00:00+00:00,"Alphabet, Apple Fuel Tech Rebound, Gold Defies Gravity: What's Moving Markets Wednesday?",https://www.benzinga.com/markets/market-summary/25/09/47482210/alphabet-apple-fuel-tech-rebound-gold-defies-gravity-whats-moving-markets-wednesday,0
APD,"Air Products and Chemicals, Inc","Air Products and Chemicals, Inc.",stocks,9999,1,2025-09-03 04:00:00+00:00,Air Products Starts New Air Separation Facili...,https://www.benzinga.com/news/25/09/47458865/air-products-starts-new-air-separation-facility-in-cleveland-under-long-term-supply-contract-for-gas,0
APH,Amphenol Corporation,Amphenol Corporation,stocks,9999,2,2025-09-03 14:00:00+00:00,"If You Invested $100 In This Stock 5 Years Ago, You Would Have This Much Today",https://www.benzinga.com/insights/news/25/09/47474734/if-you-invested-100-in-this-stock-5-years-ago-you-would-have-this-much-today,0
APTV,Aptiv PLC,Aptiv PLC,stocks,9999,2,2025-09-03 13:00:00+00:00,Expert Outlook: Aptiv Through The Eyes Of 11 Analysts,https://www.benzinga.com/insights/analyst-ratings/25/09/47471351/expert-outlook-aptiv-through-the-eyes-of-11-analysts,0
ARE,Alexandria Real Estate Equities,"Alexandria Real Estate Equities, Inc.",stocks,9999,1,2025-08-25 11:23:00+00:00,Wall Street's Most Accurate Analysts Spotlight On 3 Real Estate Stocks Delivering High-Dividend Yields,https://www.benzinga.com/trading-ideas/dividends/25/08/47304593/wall-streets-most-accurate-analysts-spotlight-on-3-real-estate-stocks-delivering-high-dividend-yields-6,0
ARKK,ARK Innovation ETF,Cathie Wood,etf,9999,6,2025-09-03 16:00:00+00:00,Cathie Wood's ARK Bets Big On Archer Aviation As Air Taxis Near Reality,https://www.benzinga.com/etfs/specialty-etfs/25/09/47478985/cathie-woods-ark-bets-big-on-archer-aviation-as-air-taxis-near-reality,0
ATO,Atmos Energy Corporation,Atmos Energy Corporation,stocks,9999,2,2025-08-12 19:33:00+00:00,Top 2 Utilities Stocks You May Want To Dump In August,https://www.benzinga.com/news/25/08/47072392/top-2-utilities-stocks-you-may-want-to-dump-in-august,0
AVB,"AvalonBay Communities, Inc.","AvalonBay Communities, Inc.",stocks,9999,1,2025-08-29 04:00:00+00:00,What's Driving the Market Sentiment Around AvalonBay Communities?,https://www.benzinga.com/insights/short-sellers/25/08/47386829/whats-driving-the-market-sentiment-around-avalonbay-communities,0
AVGO,Broadcom Inc.,Broadcom Inc.,stocks,9999,54,2025-09-04 09:57:00+00:00,"Stock Market Today: Dow Futures Slip, S&P 500 Rises As Trump Files Tariff Appeal—American Eagle, Salesforce, Lululemon In Focus",https://www.benzinga.com/markets/equities/25/09/47493147/stock-market-today-dow-futures-slip-sp-500-rises-as-trump-files-tariff-appeal-american-eagle-salesforce-lululemon-in-focus,0
AVY,Avery Dennison Corporation,Avery Dennison Corporation,stocks,9999,1,2025-08-25 20:21:00+00:00,Avery Dennison To Acquire Meridian's U.S. Flo...,https://www.benzinga.com/m-a/25/08/47319571/avery-dennison-to-acquire-meridians-u-s-flooring-adhesives-business-for-390m,0
AWK,"American Water Works Company, I","American Water Works Company, Inc.",stocks,9999,1,2025-08-22 07:13:00+00:00,"Reported Earlier, California American Water S...",https://www.benzinga.com/news/25/08/47276116/reported-earlier-california-american-water-seeks-court-dismissal-of-monterey-peninsula-water-managem,0
AXON,"Axon Enterprise, Inc.","Axon Enterprise, Inc.",stocks,9999,1,2025-09-03 17:00:00+00:00,Axon Enterprise's Options Frenzy: What You Need to Know,https://www.benzinga.com/insights/options/25/09/47480475/axon-enterprises-options-frenzy-what-you-need-to-know,0
AXP,American Express Company,American Express Company,stocks,9999,5,2025-08-25 14:30:00+00:00,Here's How Much You Would Have Made Owning American Express Stock In The Last 15 Years,https://www.benzinga.com/insights/news/25/08/47309755/heres-how-much-you-would-have-made-owning-american-express-stock-in-the-last-15-years,0
AZO,"AutoZone, Inc.","AutoZone, Inc.",stocks,9999,2,2025-08-29 04:00:00+00:00,Here's How Much $100 Invested In AutoZone 10 Years Ago Would Be Worth Today,https://www.benzinga.com/insights/news/25/08/47402674/heres-how-much-100-invested-in-autozone-10-years-ago-would-be-worth-today,0
BA,Boeing Company (The),The Boeing Company,stocks,9999,10,2025-09-03 17:00:00+00:00,10 Industrials Stocks With Whale Alerts In Today's Session,https://www.benzinga.com/insights/options/25/09/47481352/10-industrials-stocks-with-whale-alerts-in-todays-session,0
BAC,Bank of America Corporation,Bank of America Corporation,stocks,9999,5,2025-09-03 17:00:00+00:00,10 Financials Stocks With Whale Alerts In Today's Session,https://www.benzinga.com/insights/options/25/09/47481349/10-financials-stocks-with-whale-alerts-in-todays-session,0
BALL,Ball Corporation,Ball Corporation,stocks,9999,1,2025-08-07 19:33:00+00:00,Ball Corp. Prices Underwritten Public Offerin...,https://www.benzinga.com/news/25/08/46977891/ball-corp-prices-underwritten-public-offering-of-750m-aggregate-principal-amount-of-5-500-senior-not,0
BAX,Baxter International Inc.,Baxter International Inc.,stocks,9999,2,2025-09-03 04:00:00+00:00,Baxter International 13G Filing Shows PZENA I...,https://www.benzinga.com/news/25/09/47450826/baxter-international-13g-filing-shows-pzena-investment-management-reported-a-stake-of-10-8-as-of-aug,0
BBWI,"Bath & Body Works, Inc.","Bath & Body Works, Inc.",stocks,9999,2,2025-08-30 04:00:00+00:00,"UBS Maintains Neutral on Bath & Body Works, L...",https://www.benzinga.com/news/25/08/47417315/ubs-maintains-neutral-on-bath-body-works-lowers-price-target-to-32,0
BBY,"Best Buy Co., Inc.","Best Buy Co., Inc.",stocks,9999,2,2025-09-03 04:00:00+00:00,Uber Partners With Best Buy: What's Going On?,https://www.benzinga.com/markets/equities/25/09/47457229/uber-partners-with-best-buy-whats-going-on,0
BDX,"Becton, Dickinson and Company","Becton, Dickinson and Company",stocks,9999,1,2025-08-26 21:00:00+00:00,"Tesla Stock 'Could Fall 90% Tomorrow,' Fund Manager Still Won't Buy — Here's Where He's Investing Instead",https://www.benzinga.com/markets/large-cap/25/08/47346429/tesla-stock-could-fall-90-tomorrow-fund-manager-still-wont-buy-heres-where-hes-investing-instead,0
BEN,"Franklin Resources, Inc.","Franklin Resources, Inc.",stocks,9999,4,2025-08-12 18:00:00+00:00,Expert Outlook: Franklin Resources Through The Eyes Of 9 Analysts,https://www.benzinga.com/insights/analyst-ratings/25/08/47069608/expert-outlook-franklin-resources-through-the-eyes-of-9-analysts,0
BG,Bunge Limited,Bunge Global SA,stocks,9999,1,2025-08-20 17:26:00+00:00,Bunge Global shares are trading higher after ...,https://www.benzinga.com/wiim/25/08/47242279/bunge-global-shares-are-trading-higher-after-jp-morgan-assumed-an-overweight-rating-and-announced-a,0
BIO,"Bio-Rad Laboratories, Inc.","Bio-Rad Laboratories, Inc.",stocks,9999,1,2025-08-01 15:30:00+00:00,Bio-Rad Laboratories Analysts Raise Their Forecasts After Better-Than-Expected Q2 Earnings,https://www.benzinga.com/analyst-stock-ratings/price-target/25/08/46799444/bio-rad-laboratories-analysts-raise-their-forecasts-after-better-than-expected-q2-earnings,0
BK,The Bank of New York Mellon Cor,The Bank of New York Mellon Corporation,stocks,9999,3,2025-09-03 21:00:00+00:00,The Bank of New York Mellon Prices $500M Publ...,https://www.benzinga.com/news/25/09/47486984/the-bank-of-new-york-mellon-prices-500m-public-offering-of-depositary-shares-representing-interests,0
BKNG,Booking Holdings Inc. Common St,Booking Holdings Inc.,stocks,9999,1,2025-09-04 10:31:00+00:00,"BTIG Reiterates Buy on Booking Holdings, Main...",https://www.benzinga.com/news/25/09/47493796/btig-reiterates-buy-on-booking-holdings-maintains-6250-price-target,0
BKR,Baker Hughes Company,Baker Hughes Company,stocks,9999,2,2025-08-26 20:47:00+00:00,Commonwealth LNG Authorizes Order For Baker H...,https://www.benzinga.com/news/25/08/47346125/commonwealth-lng-authorizes-order-for-baker-hughes-refrigerant-turbo-compressors-to-power-next-gener,0
BLDR,"Builders FirstSource, Inc.","Builders FirstSource, Inc.",stocks,9999,3,2025-08-22 17:15:00+00:00,"Dow Hits Record Highs, Small Caps Soar On Powell's Shift: What's Moving Markets Friday?",https://www.benzinga.com/markets/market-summary/25/08/47289236/markets-today-friday-wall-street-small-caps-powell-interest-rates-jackson-hole,0
BLK,"BlackRock, Inc.","BlackRock, Inc.",stocks,9999,10,2025-08-29 04:00:00+00:00,"People Say A $60k Salary Once Lifted Them Out Of Poverty. Now, Just 6 Years Later, It Feels Like A 'Crappy' Salary Everyone Makes",https://www.benzinga.com/personal-finance/management/25/08/47386818/people-say-a-60k-salary-once-lifted-them-out-of-poverty-now-just-6-years-later-it-feels-like-a-crappy-salary-everyone-makes,0
BMY,Bristol-Myers Squibb Company,Bristol-Myers Squibb Company,stocks,9999,7,2025-09-03 04:00:00+00:00,10 Health Care Stocks Whale Activity In Today's Session,https://www.benzinga.com/insights/options/25/09/47456462/10-health-care-stocks-whale-activity-in-todays-session,0
BR,"Broadridge Financial Solutions,","Broadridge Financial Solutions, Inc.",stocks,9999,2,2025-08-20 16:26:00+00:00,"Live On CNBC, Joe Terranova Announces Bought ...",https://www.benzinga.com/trading-ideas/25/08/47240546/live-on-cnbc-joe-terranova-announces-bought-tradeweb-markets-bought-broadridge-financial-solutions-,0
BRK-B,Berkshire Hathaway Inc.,Warren Buffett,stocks,9999,1,2023-09-24 21:47:00+00:00,"Warren Buffett's Son Cashed Out $90K In Berkshire Stock To 'Buy Time.' It Would Be Worth $300M Now, But Here's Why He Doesn't Regret It.",https://www.benzinga.com/news/23/06/32932387/warren-buffetts-son-cashed-out-90k-in-berkshire-stock-to-buy-time-its-worth-300m-now-but-heres-why-h,0
BRO,"Brown & Brown, Inc.","Brown & Brown, Inc.",stocks,9999,1,2025-08-18 13:06:00+00:00,Morgan Stanley Maintains Equal-Weight on Brow...,https://www.benzinga.com/news/25/08/47184032/morgan-stanley-maintains-equal-weight-on-brown-brown-lowers-price-target-to-105,0
BSX,Boston Scientific Corporation,Boston Scientific Corporation,stocks,9999,5,2025-08-30 04:00:00+00:00,How Do Investors Really Feel About Boston Scientific?,https://www.benzinga.com/insights/short-sellers/25/08/47420633/how-do-investors-really-feel-about-boston-scientific,0
BWA,BorgWarner Inc.,BorgWarner Inc.,stocks,9999,5,2025-09-03 17:00:00+00:00,This Accenture Analyst Is No Longer Bullish; Here Are Top 5 Downgrades For Wednesday,https://www.benzinga.com/analyst-stock-ratings/downgrades/25/09/47481427/this-accenture-analyst-is-no-longer-bullish-here-are-top-5-downgrades-for-wednesday,0
BX,Blackstone Inc.,Blackstone Inc.,stocks,9999,2,2025-09-03 15:00:00+00:00,'Blackstone Private Credit Fund Taps US High-...,https://www.benzinga.com/news/25/09/47477365/blackstone-private-credit-fund-taps-us-high-grade-bond-market-bloomberg,0
BXP,"Boston Properties, Inc.","Boston Properties, Inc.",stocks,9999,8,2025-08-27 13:47:00+00:00,"Wells Fargo Maintains Overweight on BXP, Lowe...",https://www.benzinga.com/news/25/08/47357581/wells-fargo-maintains-overweight-on-bxp-lowers-price-target-to-77,0
C,"Citigroup, Inc.",Citigroup Inc.,stocks,9999,15,2025-09-03 22:00:00+00:00,Expert Outlook: Citigroup Through The Eyes Of 17 Analysts,https://www.benzinga.com/insights/analyst-ratings/25/09/47488157/expert-outlook-citigroup-through-the-eyes-of-17-analysts,0
CAG,"ConAgra Brands, Inc.","Conagra Brands, Inc.",stocks,9999,1,2025-08-30 04:00:00+00:00,Wall Street's Most Accurate Analysts Weigh In On 3 Risk Off Stocks With Over 5% Dividend Yields,https://www.benzinga.com/trading-ideas/dividends/25/08/47411726/wall-streets-most-accurate-analysts-weigh-in-on-3-risk-off-stocks-with-over-5-dividend-yields,0
CAH,"Cardinal Health, Inc.","Cardinal Health, Inc.",stocks,9999,3,2025-09-02 04:00:00+00:00,What's Driving the Market Sentiment Around Cardinal Health?,https://www.benzinga.com/insights/short-sellers/25/09/47438396/whats-driving-the-market-sentiment-around-cardinal-health,0
CAKE,The Cheesecake Factory Incorpor,The Cheesecake Factory Incorporated,stocks,9999,2,2025-08-30 04:00:00+00:00,How To Trade The Internet's Biggest Controversy,https://www.benzinga.com/trading-ideas/technicals/25/08/47415975/how-to-trade-the-internets-biggest-controversy,0
CARR,Carrier Global Corporation,Carrier Global Corporation,stocks,9999,2,2025-08-27 10:54:00+00:00,"Jim Cramer: Kodiak Sciences Is A 'Pure Spec' Stock, Recommends Buying This Utilities Stock",https://www.benzinga.com/analyst-stock-ratings/analyst-color/25/08/47353477/jim-cramer-kodiak-sciences-is-a-pure-spec-stock-recommends-buying-this-utilities-stock,0
CAT,"Caterpillar, Inc.",Caterpillar Inc.,stocks,9999,2,2025-09-04 04:00:00+00:00,Trump Admin Slams Norway's $2 Trillion Wealth Fund Exit From Caterpillar Over Gaza Bulldozer Use,https://www.benzinga.com/markets/equities/25/09/47490461/trump-admin-slams-norways-2-trillion-wealth-fund-exit-from-caterpillar-over-gaza-bulldozer-use,0
CB,Chubb Limited,Chubb Limited,stocks,9999,1,2025-08-18 14:00:00+00:00,Assessing Chubb: Insights From 9 Financial Analysts,https://www.benzinga.com/insights/analyst-ratings/25/08/47185697/assessing-chubb-insights-from-9-financial-analysts,0
CBOE,"Cboe Global Markets, Inc.","Cboe Global Markets, Inc.",stocks,9999,2,2025-08-20 16:26:00+00:00,"Live On CNBC, Joe Terranova Announces Bought ...",https://www.benzinga.com/trading-ideas/25/08/47240546/live-on-cnbc-joe-terranova-announces-bought-tradeweb-markets-bought-broadridge-financial-solutions-,0
CBRE,CBRE Group Inc,"CBRE Group, Inc.",stocks,9999,2,2025-08-26 15:21:00+00:00,"JP Morgan Maintains Overweight on CBRE Group,...",https://www.benzinga.com/news/25/08/47336281/jp-morgan-maintains-overweight-on-cbre-group-raises-price-target-to-185,0
CCI,Crown Castle Inc.,Crown Castle Inc.,stocks,9999,1,2025-09-03 04:00:00+00:00,Is the Market Bullish or Bearish on Crown Castle?,https://www.benzinga.com/insights/short-sellers/25/09/47451971/is-the-market-bullish-or-bearish-on-crown-castle,0
CCL,Carnival Corporation,Carnival Corporation & plc,stocks,9999,3,2025-08-26 17:35:00+00:00,10 Consumer Discretionary Stocks With Whale Alerts In Today's Session,https://www.benzinga.com/insights/options/25/08/47340689/10-consumer-discretionary-stocks-with-whale-alerts-in-todays-session,0
CDNS,"Cadence Design Systems, Inc.","Cadence Design Systems, Inc.",stocks,9999,3,2025-08-21 22:15:00+00:00,$100 Invested In Cadence Design Systems 5 Years Ago Would Be Worth This Much Today,https://www.benzinga.com/insights/news/25/08/47272467/100-invested-in-cadence-design-systems-5-years-ago-would-be-worth-this-much-today,0
CDW,CDW Corporation,CDW Corporation,stocks,9999,1,2025-08-25 13:01:00+00:00,Looking Into CDW's Recent Short Interest,https://www.benzinga.com/insights/short-sellers/25/08/47306659/looking-into-cdws-recent-short-interest,0
CE,Celanese Corporation,Celanese Corporation,stocks,9999,3,2025-08-30 04:00:00+00:00,DuPont Divests Aramids Business In $1.8 Billion Deal To Sharpen Portfolio,https://www.benzinga.com/markets/asset-sales/25/08/47411011/dupont-divests-aramids-business-in-1-8-billion-deal-to-sharpen-portfolio,0
CEG,Constellation Energy Corporatio,Constellation Energy Corporation,stocks,9999,2,2025-09-03 04:00:00+00:00,"Trump's Nuclear Drive Fuels VanEck Uranium ETF 44% Rally As Microsoft, Google, Nvidia Chase AI-Powered Energy Boom",https://www.benzinga.com/markets/equities/25/09/47464927/trumps-nuclear-drive-fuels-vaneck-uranium-etf-44-rally-as-microsoft-google-nvidia-chase-ai-powered-energy-boom,0
CF,"CF Industries Holdings, Inc.","CF Industries Holdings, Inc.",stocks,9999,1,2025-09-03 19:00:00+00:00,Is CF Industries Holdings Gaining or Losing Market Support?,https://www.benzinga.com/insights/short-sellers/25/09/47483264/is-cf-industries-holdings-gaining-or-losing-market-support,0
CFG,"Citizens Financial Group, Inc.","Citizens Financial Group, Inc.",stocks,9999,1,2025-08-12 17:35:00+00:00,Shares of banks and financial services stocks...,https://www.benzinga.com/wiim/25/08/47068973/shares-of-banks-and-financial-services-stocks-are-trading-higher-amid-broad-market-strength-followin,0
CHD,"Church & Dwight Company, Inc.","Church & Dwight Co., Inc.",stocks,9999,1,2025-08-04 21:01:00+00:00,Where Church & Dwight Co Stands With Analysts,https://www.benzinga.com/insights/analyst-ratings/25/08/46841519/where-church-dwight-co-stands-with-analysts,0
CHRW,"C.H. Robinson Worldwide, Inc.","C.H. Robinson Worldwide, Inc.",stocks,9999,1,2025-08-26 09:04:00+00:00,CH Robinson Unveils AI-Powered Logistics Plan...,https://www.benzinga.com/news/25/08/47326066/ch-robinson-unveils-ai-powered-logistics-planner-to-deliver-247-shipment-precision-and-smarter-suppl,0
CI,The Cigna Group,The Cigna Group,stocks,9999,5,2025-09-03 04:00:00+00:00,"Analyst Favors Cigna, Alignment Healthcare, Cautious On Peers",https://www.benzinga.com/analyst-stock-ratings/analyst-color/25/09/47457102/analyst-favors-cigna-alignment-healthcare-cautious-on-peers,0
CINF,Cincinnati Financial Corporatio,Cincinnati Financial Corporation,stocks,9999,1,2025-08-20 17:35:00+00:00,10 Financials Stocks Whale Activity In Today's Session,https://www.benzinga.com/insights/options/25/08/47242502/10-financials-stocks-whale-activity-in-todays-session,0
CL,Colgate-Palmolive Company,Colgate-Palmolive Company,stocks,9999,1,2025-08-06 11:33:00+00:00,Top 3 Risk Off Stocks That May Rocket Higher This Quarter,https://www.benzinga.com/trading-ideas/long-ideas/25/08/46893472/top-3-risk-off-stocks-that-may-rocket-higher-this-quarter,0
CLX,Clorox Company (The),The Clorox Company,stocks,9999,4,2025-08-01 14:14:00+00:00,Morgan Stanley Maintains Equal-Weight on Clor...,https://www.benzinga.com/news/25/08/46795593/morgan-stanley-maintains-equal-weight-on-clorox-lowers-price-target-to-137,0
CMA,Comerica Incorporated,Comerica Incorporated,stocks,9999,1,2025-09-03 12:00:00+00:00,12 Analysts Have This To Say About Comerica,https://www.benzinga.com/insights/analyst-ratings/25/09/47469926/12-analysts-have-this-to-say-about-comerica,0
CMCSA,Comcast Corporation,Comcast Corporation,stocks,9999,9,2025-09-03 18:00:00+00:00,"'NBC Says NFL Ad Inventory 90% Sold Out, Supe...",https://www.benzinga.com/news/25/09/47481556/nbc-says-nfl-ad-inventory-90-sold-out-super-bowl-fully-booked-bloomberg,0
CME,CME Group Inc.,CME Group Inc.,stocks,9999,2,2025-09-03 11:00:00+00:00,CME Group August 2025 Average Daily Volume Hi...,https://www.benzinga.com/news/25/09/47469326/cme-group-august-2025-average-daily-volume-hits-28-1m-contracts-second-highest-on-record-following-2,0
CMG,"Chipotle Mexican Grill, Inc.","Chipotle Mexican Grill, Inc.",stocks,9999,4,2025-09-03 15:00:00+00:00,Rothschild & Co Upgrades Chipotle Mexican Gri...,https://www.benzinga.com/news/25/09/47477653/rothschild-co-upgrades-chipotle-mexican-grill-to-buy-announces-55-price-target,0
CMI,Cummins Inc.,Cummins Inc.,stocks,9999,2,2025-09-03 20:00:00+00:00,A Glimpse Into The Expert Outlook On Cummins Through 6 Analysts,https://www.benzinga.com/insights/analyst-ratings/25/09/47484662/a-glimpse-into-the-expert-outlook-on-cummins-through-6-analysts,0
CMS,CMS Energy Corporation,CMS Energy Corporation,stocks,9999,3,2025-08-12 11:09:00+00:00,Consumers Energy Doubles Drone Fleet To Spot ...,https://www.benzinga.com/news/25/08/47054568/consumers-energy-doubles-drone-fleet-to-spot-power-line-problems-faster-and-prevent-outages,0
CNC,Centene Corporation,Centene Corporation,stocks,9999,8,2025-09-03 04:00:00+00:00,"Analyst Favors Cigna, Alignment Healthcare, Cautious On Peers",https://www.benzinga.com/analyst-stock-ratings/analyst-color/25/09/47457102/analyst-favors-cigna-alignment-healthcare-cautious-on-peers,0
CNP,"CenterPoint Energy, Inc (Holdin","CenterPoint Energy, Inc.",stocks,9999,1,2025-08-26 21:00:00+00:00,"Tesla Stock 'Could Fall 90% Tomorrow,' Fund Manager Still Won't Buy — Here's Where He's Investing Instead",https://www.benzinga.com/markets/large-cap/25/08/47346429/tesla-stock-could-fall-90-tomorrow-fund-manager-still-wont-buy-heres-where-hes-investing-instead,0
COF,Capital One Financial Corporati,Capital One Financial Corporation,stocks,9999,3,2025-09-02 04:00:00+00:00,What's Driving the Market Sentiment Around Capital One Finl?,https://www.benzinga.com/insights/short-sellers/25/09/47439427/whats-driving-the-market-sentiment-around-capital-one-finl,0
COO,"The Cooper Companies, Inc.","The Cooper Companies, Inc.",stocks,9999,1,2025-09-03 15:00:00+00:00,Brian G Andrews's Recent Buy: Acquires $100K In Cooper Companies Stock,https://www.benzinga.com/insights/news/25/09/47476389/brian-g-andrewss-recent-buy-acquires-100k-in-cooper-companies-stock,0
COP,ConocoPhillips,ConocoPhillips,stocks,9999,8,2025-09-03 20:00:00+00:00,ConocoPhillips Shares Are Trading Lower Wednesday: What's Going On?,https://www.benzinga.com/trading-ideas/movers/25/09/47486066/conocophillips-shares-are-trading-lower-wednesday-whats-going-on,0
COR,"Cencora, Inc.","Cencora, Inc.",stocks,9999,3,2025-08-30 04:00:00+00:00,"If You Invested $1000 In This Stock 10 Years Ago, You Would Have This Much Today",https://www.benzinga.com/insights/news/25/08/47428857/if-you-invested-1000-in-this-stock-10-years-ago-you-would-have-this-much-today,0
COST,Costco Wholesale Corporation,Costco Wholesale Corporation,stocks,9999,2,2025-09-04 04:00:00+00:00,Gen Z Banking On Deals And Dupes For 2025 Holiday Season As The Young Plan Steep Spending Cuts,https://www.benzinga.com/news/retail-sales/25/09/47490431/gen-z-banking-on-deals-and-dupes-for-2025-holiday-season-as-the-young-plan-steep-spending-cuts,0
CPAY,"FleetCor Technologies, Inc.","Corpay, Inc.",stocks,9999,1,2025-08-11 12:01:00+00:00,Breaking Down Corpay: 4 Analysts Share Their Views,https://www.benzinga.com/insights/analyst-ratings/25/08/47027984/breaking-down-corpay-4-analysts-share-their-views,0
CPB,Campbell Soup Company,Campbell Soup Company,stocks,9999,2,2025-09-04 09:57:00+00:00,"Stock Market Today: Dow Futures Slip, S&P 500 Rises As Trump Files Tariff Appeal—American Eagle, Salesforce, Lululemon In Focus",https://www.benzinga.com/markets/equities/25/09/47493147/stock-market-today-dow-futures-slip-sp-500-rises-as-trump-files-tariff-appeal-american-eagle-salesforce-lululemon-in-focus,0
CPRT,"Copart, Inc.","Copart, Inc.",stocks,9999,7,2025-09-04 09:57:00+00:00,"HSBC Upgrades Copart to Buy, Raises Price Tar...",https://www.benzinga.com/news/25/09/47493148/hsbc-upgrades-copart-to-buy-raises-price-target-to-62,0
CPT,Camden Property Trust,Camden Property Trust,stocks,9999,1,2025-08-27 13:05:00+00:00,Wells Fargo Maintains Equal-Weight on Camden ...,https://www.benzinga.com/news/25/08/47356388/wells-fargo-maintains-equal-weight-on-camden-prop-trust-lowers-price-target-to-112,0
CRL,Charles River Laboratories Inte,"Charles River Laboratories International, Inc.",stocks,9999,4,2025-08-15 18:00:00+00:00,Is the Market Bullish or Bearish on Charles River?,https://www.benzinga.com/insights/short-sellers/25/08/47164283/is-the-market-bullish-or-bearish-on-charles-river,0
CRM,"Salesforce, Inc.","Salesforce, Inc.",stocks,9999,10,2025-09-04 10:31:00+00:00,"Salesforce CEO Marc Benioff Says 'AI Makes Every Entrepreneur A Super Entrepreneur' — SMBs, Mid-Markets Now A Strategic Priority",https://www.benzinga.com/markets/earnings/25/09/47493798/salesforce-ceo-marc-benioff-says-ai-makes-every-entrepreneur-a-super-entrepreneur-smbs-mid-markets-now-a-strategic-priority,0
CSCO,"Cisco Systems, Inc.","Cisco Systems, Inc.",stocks,9999,7,2025-09-03 04:00:00+00:00,Palo Alto Investigates Data Theft After Hackers Exploit Stolen OAuth Tokens,https://www.benzinga.com/markets/tech/25/09/47457901/palo-alto-investigates-data-theft-after-hackers-exploit-stolen-oauth-tokens,0
CSGP,"CoStar Group, Inc.","CoStar Group, Inc.",stocks,9999,1,2025-09-03 18:00:00+00:00,Beyond The Numbers: 10 Analysts Discuss CoStar Group Stock,https://www.benzinga.com/insights/analyst-ratings/25/09/47481946/beyond-the-numbers-10-analysts-discuss-costar-group-stock,0
CSX,CSX Corporation,CSX Corporation,stocks,9999,2,2025-08-27 11:26:00+00:00,Top 3 Industrials Stocks That May Explode This Month,https://www.benzinga.com/trading-ideas/long-ideas/25/08/47353890/top-3-industrials-stocks-that-may-explode-this-month-2,0
CTAS,Cintas Corporation,Cintas Corporation,stocks,9999,2,2025-09-03 04:00:00+00:00,Shares of companies within the broader indust...,https://www.benzinga.com/wiim/25/09/47459147/shares-of-companies-within-the-broader-industrial-sector-are-trading-lower-amid-ongoing-market-uncer,0
CTRA,Coterra Energy Inc.,Coterra Energy Inc.,stocks,9999,1,2025-08-14 14:12:00+00:00,Piper Sandler Maintains Overweight on Coterra...,https://www.benzinga.com/news/25/08/47124185/piper-sandler-maintains-overweight-on-coterra-energy-raises-price-target-to-39,0
CTSH,Cognizant Technology Solutions ,Cognizant Technology Solutions Corporation,stocks,9999,2,2025-09-03 15:00:00+00:00,Board Member Of Cognizant Tech Solns Sold $504K In Stock,https://www.benzinga.com/insights/news/25/09/47476417/board-member-of-cognizant-tech-solns-sold-504k-in-stock,0
CTVA,"Corteva, Inc.","Corteva, Inc.",stocks,9999,1,2025-09-03 15:00:00+00:00,"Robert King At Corteva Executes Options Exercise, Realizing $315K",https://www.benzinga.com/insights/news/25/09/47476347/robert-king-at-corteva-executes-options-exercise-realizing-315k,0
CVS,CVS Health Corporation,CVS Health Corporation,stocks,9999,8,2025-09-01 04:00:00+00:00,Are Markets Open On Labor Day? Here's What's Open And What's Closed On September 1,https://www.benzinga.com/markets/market-summary/25/09/47434649/are-markets-open-on-labor-day-heres-whats-open-and-whats-closed-on-september-1,0
CVX,Chevron Corporation,Chevron Corporation,stocks,9999,4,2025-09-03 17:00:00+00:00,Chevron's Options Frenzy: What You Need to Know,https://www.benzinga.com/insights/options/25/09/47480478/chevrons-options-frenzy-what-you-need-to-know,0
CZR,"Caesars Entertainment, Inc.","Caesars Entertainment, Inc.",stocks,9999,8,2025-09-03 04:00:00+00:00,GLPI Furthers Tribal Partnership With $225M F...,https://www.benzinga.com/news/25/09/47444913/glpi-furthers-tribal-partnership-with-225m-financing-commitment-and-long-term-lease-for-caesars-repu,0
D,"Dominion Energy, Inc.","Dominion Energy, Inc.",stocks,9999,3,2025-08-29 04:00:00+00:00,Smart Money Move: ROBERT BLUE Grabs $250K Worth Of Dominion Energy Stock,https://www.benzinga.com/insights/news/25/08/47389670/smart-money-move-robert-blue-grabs-250k-worth-of-dominion-energy-stock,0
DAL,"Delta Air Lines, Inc.","Delta Air Lines, Inc.",stocks,9999,3,2025-09-03 04:00:00+00:00,Shares of companies within the broader indust...,https://www.benzinga.com/wiim/25/09/47459147/shares-of-companies-within-the-broader-industrial-sector-are-trading-lower-amid-ongoing-market-uncer,0
DAY,"Dayforce, Inc.",Dayforce Inc,stocks,9999,1,2025-09-03 15:00:00+00:00,A Congress Member Bought Up To $245K In Markel Group Stock: Here's What You Need To Know,https://www.benzinga.com/insights/government/25/09/47476269/a-congress-member-bought-up-to-245k-in-markel-group-stock-heres-what-you-need-to-know,0
DD,"DuPont de Nemours, Inc.","DuPont de Nemours, Inc.",stocks,9999,4,2025-08-30 04:00:00+00:00,DuPont Divests Aramids Business In $1.8 Billion Deal To Sharpen Portfolio,https://www.benzinga.com/markets/asset-sales/25/08/47411011/dupont-divests-aramids-business-in-1-8-billion-deal-to-sharpen-portfolio,0
DE,Deere & Company,Deere & Company,stocks,9999,1,2025-09-03 04:00:00+00:00,The Analyst Verdict: Deere In The Eyes Of 6 Experts,https://www.benzinga.com/insights/analyst-ratings/25/09/47461960/the-analyst-verdict-deere-in-the-eyes-of-6-experts,0
DFS,Discover Financial Services,Discover Financial Services,stocks,0,0,2025-05-16 18:18:00+00:00,ETFs With Major Coinbase Stakes Surge As COIN Prepares To Join S&P 500,https://www.benzinga.com/etfs/specialty-etfs/25/05/45474787/etfs-with-major-coinbase-stakes-surge-as-coin-prepares-to-join-sp-500,0
DG,Dollar General Corporation,Dollar General Corporation,stocks,9999,2,2025-09-03 04:00:00+00:00,"Dollar Tree Q2 Earnings Preview: Report Shows Strong Traffic Gains, Will This Offset Tariff Concerns?",https://www.benzinga.com/trading-ideas/previews/25/09/47455207/dollar-tree-q2-earnings-preview-report-shows-strong-traffic-gains-will-this-offset-tariff-concerns,0
DGX,Quest Diagnostics Incorporated,Quest Diagnostics Incorporated,stocks,9999,2,2025-08-26 13:13:00+00:00,Corewell Health And Quest Diagnostics Form Jo...,https://www.benzinga.com/news/25/08/47330915/corewell-health-and-quest-diagnostics-form-joint-venture-to-build-advanced-michigan-lab-and-manage-2,0
DHI,"D.R. Horton, Inc.","D.R. Horton, Inc.",stocks,9999,7,2025-09-03 12:00:00+00:00,"Jim Cramer: AppLovin Calls For Prudence, This Health Care Stock Is 'Pure Spec'",https://www.benzinga.com/analyst-stock-ratings/analyst-color/25/09/47469604/jim-cramer-applovin-prudence-this-health-care-stock-is-pure-spec,0
DHR,Danaher Corporation,Danaher Corporation,stocks,9999,1,2025-09-03 18:00:00+00:00,Bio-Techne Stock Upgraded As Analyst Flags Attractive Entry Point,https://www.benzinga.com/analyst-stock-ratings/upgrades/25/09/47483025/bio-techne-stock-upgraded-as-analyst-flags-attractive-entry-point,0
DIS,Walt Disney Company (The),The Walt Disney Company,stocks,9999,5,2025-09-04 10:36:00+00:00,"Needham Reiterates Buy on Walt Disney, Mainta...",https://www.benzinga.com/news/25/09/47493851/needham-reiterates-buy-on-walt-disney-maintains-125-price-target,0
DLR,"Digital Realty Trust, Inc.","Digital Realty Trust, Inc.",stocks,9999,2,2025-08-30 04:00:00+00:00,Here's How Much You Would Have Made Owning Digital Realty Trust Stock In The Last 20 Years,https://www.benzinga.com/insights/news/25/08/47428508/heres-how-much-you-would-have-made-owning-digital-realty-trust-stock-in-the-last-20-years,0
DLTR,"Dollar Tree, Inc.","Dollar Tree, Inc.",stocks,9999,7,2025-09-04 06:00:00+00:00,"Dollar Tree CEO Sees Trump's Tariffs As One Of The 'Largest Challenges,' Implements 'Five Levers' Strategy To Deflect Impact",https://www.benzinga.com/markets/earnings/25/09/47491527/dollar-tree-ceo-sees-trumps-tariffs-as-one-of-the-largest-challenges-implements-five-levers-strategy-to-deflect-impact,0
DOC,"Healthpeak Properties, Inc.","Healthpeak Properties, Inc.",stocks,9999,2,2025-08-27 13:59:00+00:00,Wells Fargo Maintains Equal-Weight on Healthp...,https://www.benzinga.com/news/25/08/47358278/wells-fargo-maintains-equal-weight-on-healthpeak-properties-lowers-price-target-to-18,0
DOV,Dover Corporation,Dover Corporation,stocks,9999,2,2025-08-27 20:20:00+00:00,Dover Fueling Solutions To Collaborate With A...,https://www.benzinga.com/news/25/08/47370909/dover-fueling-solutions-to-collaborate-with-ardova-plc-to-bring-automation-to-fuel-retail-sites-acro,0
DOW,Dow Inc.,Dow Inc.,stocks,9999,8,2025-09-04 09:00:00+00:00,Dow Unveils New Silicone Gel To Boost EV Batt...,https://www.benzinga.com/news/25/09/47492672/dow-unveils-new-silicone-gel-to-boost-ev-battery-and-renewable-energy-efficiency,0
DPZ,Domino's Pizza Inc,"Domino's Pizza, Inc.",stocks,9999,2,2025-08-27 13:56:00+00:00,Guggenheim Maintains Neutral on Domino's Pizz...,https://www.benzinga.com/news/25/08/47358206/guggenheim-maintains-neutral-on-dominos-pizza-raises-price-target-to-490,0
DRI,"Darden Restaurants, Inc.","Darden Restaurants, Inc.",stocks,9999,1,2025-09-03 04:00:00+00:00,What 22 Analyst Ratings Have To Say About Darden Restaurants,https://www.benzinga.com/insights/analyst-ratings/25/09/47459796/what-22-analyst-ratings-have-to-say-about-darden-restaurants,0
DTE,DTE Energy Company,DTE Energy Company,stocks,9999,1,2025-08-26 13:54:00+00:00,BMO Capital Maintains Market Perform on DTE E...,https://www.benzinga.com/news/25/08/47332332/bmo-capital-maintains-market-perform-on-dte-energy-raises-price-target-to-144,0
DUK,Duke Energy Corporation (Holdin,Duke Energy Corporation,stocks,9999,1,2025-08-21 15:18:00+00:00,"JP Morgan Maintains Neutral on Duke Energy, R...",https://www.benzinga.com/news/25/08/47262451/jp-morgan-maintains-neutral-on-duke-energy-raises-price-target-to-131,0
DVA,DaVita Inc.,DaVita Inc.,stocks,9999,1,2025-08-22 18:55:00+00:00,What's Going With Dialysis Firm DaVita Stock On Friday?,https://www.benzinga.com/news/health-care/25/08/47291676/whats-going-with-dialysis-firm-davita-stock-on-friday,0
DVN,Devon Energy Corporation,Devon Energy Corporation,stocks,9999,3,2025-09-03 14:00:00+00:00,Shares of oil and gas companies are trading l...,https://www.benzinga.com/wiim/25/09/47475608/shares-of-oil-and-gas-companies-are-trading-lower-following-reports-suggesting-opec-is-considering-a,0
DXCM,"DexCom, Inc.","DexCom, Inc.",stocks,9999,1,2025-09-02 04:00:00+00:00,Why Traders Fear September: 10 S&P 500 Stocks To Watch As Weak Seasonality Kicks In,https://www.benzinga.com/markets/market-summary/25/09/47438659/sp500-september-seasonality-worst-stocks,0
EA,Electronic Arts Inc.,Electronic Arts Inc.,stocks,9999,2,2025-09-02 04:00:00+00:00,Looking Into Electronic Arts's Recent Short Interest,https://www.benzinga.com/insights/short-sellers/25/09/47439130/looking-into-electronic-artss-recent-short-interest,0
EBAY,eBay Inc.,eBay Inc.,stocks,9999,4,2025-09-03 04:00:00+00:00,5 Stock Picks Last Month From Wall Street's Most Accurate Analysts,https://www.benzinga.com/analyst-stock-ratings/price-target/25/09/47445274/5-stock-picks-last-month-from-wall-streets-most-accurate-analysts-3,0
ECL,Ecolab Inc.,Ecolab Inc.,stocks,9999,4,2025-08-26 18:01:00+00:00,The Analyst Verdict: Ecolab In The Eyes Of 6 Experts,https://www.benzinga.com/insights/analyst-ratings/25/08/47341338/the-analyst-verdict-ecolab-in-the-eyes-of-6-experts,0
ED,"Consolidated Edison, Inc.","Consolidated Edison, Inc.",stocks,9999,1,2025-08-15 11:14:00+00:00,B of A Securities Downgrades Consolidated Edi...,https://www.benzinga.com/news/25/08/47151089/b-of-a-securities-downgrades-consolidated-edison-to-underperform-lowers-price-target-to-101,0
EFX,"Equifax, Inc.",Equifax Inc.,stocks,9999,1,2025-08-07 08:33:00+00:00,"Earnings Scheduled For August 7, 2025",https://www.benzinga.com/insights/earnings/25/08/46953977/earnings-scheduled-for-august-7-2025,0
EG,"Everest Group, Ltd.","Everest Group, Ltd.",stocks,9999,1,2025-08-06 11:45:00+00:00,"Keefe, Bruyette & Woods Maintains Outperform ...",https://www.benzinga.com/news/25/08/46893976/keefe-bruyette-woods-maintains-outperform-on-everest-group-raises-price-target-to-416,0
EIX,Edison International,Edison International,stocks,9999,2,2025-08-08 11:26:00+00:00,Wall Street's Most Accurate Analysts Weigh In On 3 Utilities Stocks With Over 3% Dividend Yields,https://www.benzinga.com/trading-ideas/dividends/25/08/46994712/wall-streets-most-accurate-analysts-weigh-in-on-3-utilities-stocks-with-over-3-dividend-yields,0
EL,"Estee Lauder Companies, Inc. (T",The Estée Lauder Companies Inc.,stocks,9999,1,2025-08-29 04:00:00+00:00,TOM FORD Launches Black Orchid Reserve Featur...,https://www.benzinga.com/news/25/08/47405735/tom-ford-launches-black-orchid-reserve-featuring-academy-award-winner-tilda-swinton,0
ELF,"e.l.f. Beauty, Inc.","e.l.f. Beauty, Inc.",stocks,9999,4,2025-09-03 04:00:00+00:00,e.l.f. Beauty Stock: A Deep Dive Into Analyst Perspectives (14 Ratings),https://www.benzinga.com/insights/analyst-ratings/25/09/47457143/e-l-f-beauty-stock-a-deep-dive-into-analyst-perspectives-14-ratings,0
ELV,"Elevance Health, Inc.","Elevance Health, Inc.",stocks,9999,3,2025-09-04 10:21:00+00:00,Elevance Health Reaffirms 2025 Earnings Per S...,https://www.benzinga.com/news/large-cap/25/09/47493695/elevance-health-reaffirms-2025-earnings-per-share-of-approximately-24-10-vs-consensus-of-25-25-and,0
EMN,Eastman Chemical Company,Eastman Chemical Company,stocks,9999,1,2025-08-30 04:00:00+00:00,EVP Of Eastman Chemical Makes $252K Buy,https://www.benzinga.com/insights/news/25/08/47416263/evp-of-eastman-chemical-makes-252k-buy,0
EMR,Emerson Electric Company,Emerson Electric Co.,stocks,9999,1,2025-08-25 10:03:00+00:00,Emera Appoints Jared Green as New Chief Finan...,https://www.benzinga.com/news/25/08/47303335/emera-appoints-jared-green-as-new-chief-financial-officer-effective-december-15-2025-succeeding-greg,0
ENPH,"Enphase Energy, Inc.","Enphase Energy, Inc.",stocks,9999,9,2025-09-01 04:00:00+00:00,"Trump Administration Scraps $679 Million In Offshore Wind Funding, Targeting Key North California Project",https://www.benzinga.com/news/esg/25/09/47435832/trump-administration-scraps-679-million-in-offshore-wind-funding-targeting-key-north-california-project,0
EOG,"EOG Resources, Inc.","EOG Resources, Inc.",stocks,9999,2,2025-09-03 22:00:00+00:00,Analyst Expectations For EOG Resources's Future,https://www.benzinga.com/insights/analyst-ratings/25/09/47488169/analyst-expectations-for-eog-resourcess-future,0
EPAM,"EPAM Systems, Inc.","EPAM Systems, Inc.",stocks,9999,2,2025-08-20 15:04:00+00:00,JP Morgan Maintains Overweight on EPAM System...,https://www.benzinga.com/news/25/08/47237591/jp-morgan-maintains-overweight-on-epam-systems-lowers-price-target-to-201,0
EQIX,"Equinix, Inc.","Equinix, Inc.",stocks,9999,1,2025-09-03 16:00:00+00:00,"If You Invested $100 In This Stock 20 Years Ago, You Would Have This Much Today",https://www.benzinga.com/insights/news/25/09/47479507/if-you-invested-100-in-this-stock-20-years-ago-you-would-have-this-much-today,0
EQR,Equity Residential,Equity Residential,stocks,9999,1,2025-09-03 04:00:00+00:00,Equity Residential Continues To Expect To Pro...,https://www.benzinga.com/news/25/09/47460891/equity-residential-continues-to-expect-to-produce-same-store-revenue-growth-of-2-6-3-2-and-physical,0
EQT,EQT Corporation,EQT Corporation,stocks,9999,3,2025-09-03 20:00:00+00:00,NextDecade Executes A 20-year Liquefied Natur...,https://www.benzinga.com/news/25/09/47486355/nextdecade-executes-a-20-year-liquefied-natural-gas-sale-and-purchase-agreement-with-eqt-corporation,0
ES,Eversource Energy (D/B/A),Eversource Energy,stocks,9999,1,2025-09-03 04:00:00+00:00,What's Driving the Market Sentiment Around Eversource Energy?,https://www.benzinga.com/insights/short-sellers/25/09/47453938/whats-driving-the-market-sentiment-around-eversource-energy,0
ESS,"Essex Property Trust, Inc.","Essex Property Trust, Inc.",stocks,9999,1,2025-08-27 18:00:00+00:00,Analyst Expectations For Essex Property Trust's Future,https://www.benzinga.com/insights/analyst-ratings/25/08/47366663/analyst-expectations-for-essex-property-trusts-future,0
ETN,"Eaton Corporation, PLC",Eaton Corporation plc,stocks,9999,1,2025-09-04 11:30:00+00:00,"Jim Cramer: Sell Chime, Get This Buy Now Pay Later Stock Instead",https://www.benzinga.com/analyst-stock-ratings/analyst-color/25/09/47494669/jim-cramer-sell-chime-buy-now-pay-later-stock,0
ETSY,"Etsy, Inc.","Etsy, Inc.",stocks,9999,2,2025-08-29 04:00:00+00:00,Trump Ends De-Minimis Exemptions To All Countries: How This Will Impact Your Online Shopping,https://www.benzinga.com/markets/macro-economic-events/25/08/47404360/trump-ends-de-minimis-exemptions-to-all-countries-how-this-will-impact-your-online-shopping,0
EVRG,"Evergy, Inc.","Evergy, Inc.",stocks,9999,1,2025-08-08 12:07:00+00:00,"Mizuho Maintains Outperform on Evergy, Raises...",https://www.benzinga.com/news/25/08/46995697/mizuho-maintains-outperform-on-evergy-raises-price-target-to-77,0
EW,Edwards Lifesciences Corporatio,Edwards Lifesciences Corporation,stocks,9999,1,2025-08-27 07:07:00+00:00,Israel Englander's Millennium Goes All-In On Crypto And Healthcare While Rebalancing Big Tech Bets: Bitcoin ETF And Palantir Stakes Soar In Q2,https://www.benzinga.com/markets/hedge-funds/25/08/47350925/israel-englanders-millennium-goes-all-in-on-crypto-and-healthcare-while-rebalancing-big-tech-bets-bitcoin-etf-and-palantir-stakes-soar-in-q2,0
EXC,Exelon Corporation,Exelon Corporation,stocks,9999,2,2025-09-03 04:00:00+00:00,"Marjorie Taylor Greene Hits Homerun Again, Buys Alphabet Stock 5 Days Before Favorable Antitrust Ruling: Here Are Some Other New Trades",https://www.benzinga.com/markets/equities/25/09/47465884/marjorie-taylor-greene-hits-homerun-again-buys-alphabet-stock-5-days-before-favorable-antitrust-ruling-here-are-some-other-new-trades,0
EXPD,Expeditors International of Was,"Expeditors International of Washington, Inc.",stocks,9999,1,2025-08-06 23:35:00+00:00,Expeditors International Appoints David A. Ha...,https://www.benzinga.com/news/25/08/46935502/expeditors-international-appoints-david-a-hackett-as-cfo-succeeding-retiring-bradley-s-powell-effect,0
EXPE,"Expedia Group, Inc.","Expedia Group, Inc.",stocks,9999,5,2025-08-25 15:02:00+00:00,Unpacking the Latest Options Trading Trends in Expedia Group,https://www.benzinga.com/insights/options/25/08/47310909/unpacking-the-latest-options-trading-trends-in-expedia-group,0
EXR,Extra Space Storage Inc,Extra Space Storage Inc.,stocks,9999,2,2025-08-29 04:00:00+00:00,Scotiabank Maintains Sector Outperform on Ext...,https://www.benzinga.com/news/25/08/47392029/scotiabank-maintains-sector-outperform-on-extra-space-storage-lowers-price-target-to-162,0
F,Ford Motor Company,Ford Motor Company,stocks,9999,9,2025-09-03 13:00:00+00:00,"Ford Sells 190,206 Vehicles In U.S. In August...",https://www.benzinga.com/news/25/09/47472127/ford-sells-190-206-vehicles-in-u-s-in-august-up-3-9-yoy,0
FANG,"Diamondback Energy, Inc.","Diamondback Energy, Inc.",stocks,9999,2,2025-09-03 20:00:00+00:00,What 12 Analyst Ratings Have To Say About Diamondback Energy,https://www.benzinga.com/insights/analyst-ratings/25/09/47484701/what-12-analyst-ratings-have-to-say-about-diamondback-energy,0
FAST,Fastenal Company,Fastenal Company,stocks,9999,3,2025-08-13 19:00:00+00:00,A Look Into Fastenal Inc's Price Over Earnings,https://www.benzinga.com/insights/news/25/08/47103428/a-look-into-fastenal-incs-price-over-earnings,0
FCX,"Freeport-McMoRan, Inc.",Freeport-McMoRan Inc.,stocks,9999,7,2025-08-15 12:29:00+00:00,"American Express, Freeport-McMoRan And More On CNBC's 'Final Trades'",https://www.benzinga.com/trading-ideas/long-ideas/25/08/47152572/american-express-freeport-mcmoran-and-more-on-cnbcs-final-trades,0
FDS,FactSet Research Systems Inc.,FactSet Research Systems Inc.,stocks,9999,3,2025-08-25 17:35:00+00:00,10 Financials Stocks Whale Activity In Today's Session,https://www.benzinga.com/insights/options/25/08/47315558/10-financials-stocks-whale-activity-in-todays-session,0
FDX,FedEx Corporation,FedEx Corporation,stocks,9999,3,2025-09-03 04:00:00+00:00,"Marjorie Taylor Greene Hits Homerun Again, Buys Alphabet Stock 5 Days Before Favorable Antitrust Ruling: Here Are Some Other New Trades",https://www.benzinga.com/markets/equities/25/09/47465884/marjorie-taylor-greene-hits-homerun-again-buys-alphabet-stock-5-days-before-favorable-antitrust-ruling-here-are-some-other-new-trades,0
FE,FirstEnergy Corp.,FirstEnergy Corp.,stocks,9999,1,2025-08-25 16:23:00+00:00,This Okta Analyst Turns Bullish; Here Are Top 5 Upgrades For Monday,https://www.benzinga.com/news/25/08/47313681/this-okta-analyst-turns-bullish-here-are-top-5-upgrades-for-monday,0
FFIV,"F5, Inc.","F5, Inc.",stocks,9999,1,2025-09-02 04:00:00+00:00,Here's How Much You Would Have Made Owning F5 Stock In The Last 20 Years,https://www.benzinga.com/insights/news/25/09/47440171/heres-how-much-you-would-have-made-owning-f5-stock-in-the-last-20-years,0
FI,"Fiserv, Inc.","Fiserv, Inc.",stocks,9999,4,2025-08-29 04:00:00+00:00,Value Roars Back: Scharf Investments Launches KAT And GKAT ETFs With $900 Million,https://www.benzinga.com/etfs/new-etfs/25/08/47400263/value-roars-back-scharf-investments-launches-kat-and-gkat-etfs-with-900-million,0
FICO,Fair Isaac Corproation,Fair Isaac Corporation,stocks,9999,2,2025-08-21 21:15:00+00:00,$100 Invested In This Stock 10 Years Ago Would Be Worth This Much Today,https://www.benzinga.com/insights/news/25/08/47271947/100-invested-in-this-stock-10-years-ago-would-be-worth-this-much-today,0
FIS,Fidelity National Information S,"Fidelity National Information Services, Inc.",stocks,9999,1,2025-08-14 17:35:00+00:00,10 Financials Stocks With Whale Alerts In Today's Session,https://www.benzinga.com/insights/options/25/08/47132970/10-financials-stocks-with-whale-alerts-in-todays-session,0
FITB,Fifth Third Bancorp,Fifth Third Bancorp,stocks,9999,1,2025-08-22 15:51:00+00:00,Shares of banking and broader financial servi...,https://www.benzinga.com/wiim/25/08/47286488/shares-of-banking-and-broader-financial-services-stocks-are-trading-higher-amid-overall-market-stren,0
FMC,FMC Corporation,FMC Corporation,stocks,9999,1,2025-08-22 11:59:00+00:00,Wall Street's Most Accurate Analysts Weigh In On 3 Materials Stocks With Over 5% Dividend Yields,https://www.benzinga.com/trading-ideas/dividends/25/08/47278927/wall-streets-most-accurate-analysts-weigh-in-on-3-materials-stocks-with-over-5-dividend-yields-3,0
FOX,Fox Corporation,Fox Corporation,stocks,9999,11,2025-09-03 16:00:00+00:00,"12 Stocks For 2025 NFL Season With $30 Billion Expected To Be Bet, $8 Million Super Bowl LX Ads",https://www.benzinga.com/trading-ideas/long-ideas/25/09/47480159/12-stocks-for-2025-nfl-season-with-30-billion-expected-to-be-bet-8-million-super-bowl-lx-ads,0
FOXA,Fox Corporation,Fox Corporation,stocks,9999,8,2025-09-03 16:00:00+00:00,"12 Stocks For 2025 NFL Season With $30 Billion Expected To Be Bet, $8 Million Super Bowl LX Ads",https://www.benzinga.com/trading-ideas/long-ideas/25/09/47480159/12-stocks-for-2025-nfl-season-with-30-billion-expected-to-be-bet-8-million-super-bowl-lx-ads,0
FSLR,"First Solar, Inc.","First Solar, Inc.",stocks,9999,2,2025-09-03 04:00:00+00:00,Market Whales and Their Recent Bets on FSLR Options,https://www.benzinga.com/insights/options/25/09/47455609/market-whales-and-their-recent-bets-on-fslr-options,0
FTNT,"Fortinet, Inc.","Fortinet, Inc.",stocks,9999,2,2025-09-03 04:00:00+00:00,A Look Into Fortinet Inc's Price Over Earnings,https://www.benzinga.com/insights/news/25/09/47461977/a-look-into-fortinet-incs-price-over-earnings,0
FTV,Fortive Corporation,Fortive Corporation,stocks,9999,1,2025-09-03 04:00:00+00:00,The Analyst Verdict: Fortive In The Eyes Of 12 Experts,https://www.benzinga.com/insights/analyst-ratings/25/09/47459815/the-analyst-verdict-fortive-in-the-eyes-of-12-experts,0
GD,General Dynamics Corporation,General Dynamics Corporation,stocks,9999,1,2025-09-03 20:00:00+00:00,$100 Invested In This Stock 5 Years Ago Would Be Worth This Much Today,https://www.benzinga.com/insights/news/25/09/47484661/100-invested-in-this-stock-5-years-ago-would-be-worth-this-much-today,0
GE,General Electric Company,General Electric Company,stocks,9999,1,2025-09-04 10:24:00+00:00,GE Aerospace And BETA Technologies Partner To...,https://www.benzinga.com/news/25/09/47493698/ge-aerospace-and-beta-technologies-partner-to-accelerate-development-of-hybrid-electric-aviation-ge,0
GEHC,GE HealthCare Technologies Inc.,GE HealthCare Technologies Inc.,stocks,9999,3,2025-08-30 04:00:00+00:00,GE HealthCare Launches Vivid Pioneer Ultrasou...,https://www.benzinga.com/news/25/08/47409813/ge-healthcare-launches-vivid-pioneer-ultrasound-system-with-ce-mark-and-fda-clearance,0
GEN,Gen Digital Inc.,Gen Digital Inc.,stocks,9999,2,2025-09-03 04:00:00+00:00,Expert Outlook: Gen Digital Through The Eyes Of 7 Analysts,https://www.benzinga.com/insights/analyst-ratings/25/09/47461932/expert-outlook-gen-digital-through-the-eyes-of-7-analysts,0
GILD,"Gilead Sciences, Inc.","Gilead Sciences, Inc.",stocks,9999,2,2025-09-03 15:00:00+00:00,Gilead Sciences Breaks Ground On New PDM Cent...,https://www.benzinga.com/news/25/09/47477687/gilead-sciences-breaks-ground-on-new-pdm-center-in-foster-city-advancing-biologics-strategy-as-part,0
GIS,"General Mills, Inc.","General Mills, Inc.",stocks,9999,1,2025-09-03 04:00:00+00:00,General Mills Reaffirms Fiscal 2026 Outlook,https://www.benzinga.com/news/25/09/47446638/general-mills-reaffirms-fiscal-2026-outlook,0
GL,Globe Life Inc.,Globe Life Inc.,stocks,9999,1,2025-08-18 14:01:00+00:00,Beyond The Numbers: 11 Analysts Discuss Globe Life Stock,https://www.benzinga.com/insights/analyst-ratings/25/08/47185821/beyond-the-numbers-11-analysts-discuss-globe-life-stock,0
GLW,Corning Incorporated,Corning Incorporated,stocks,9999,2,2025-09-03 19:00:00+00:00,'China Announces Anti-Dumping Duties On Optic...,https://www.benzinga.com/25/09/47483592/correction-earlier-headline-china-announces-anti-dumping-duties-on-optical-fiber-from-u-s-china-duti,0
GM,General Motors Company,General Motors Company,stocks,9999,10,2025-09-04 02:00:00+00:00,Millennial Brands Are Struggling – Other Generational Brands Should Take Note,https://www.benzinga.com/news/topics/25/09/47490066/millennial-brands-are-struggling-other-generational-brands-should-take-note,0
GNRC,Generac Holdlings Inc.,Generac Holdings Inc.,stocks,9999,1,2025-08-26 14:12:00+00:00,This Skechers Analyst Is No Longer Bullish; Here Are Top 5 Downgrades For Tuesday,https://www.benzinga.com/analyst-stock-ratings/downgrades/25/08/47333000/this-skechers-analyst-is-no-longer-bullish-here-are-top-5-downgrades-for-tuesday,0
GOOG,Alphabet Inc.,Sundar Pichai,stocks,9999,61,2025-09-04 10:19:00+00:00,"Google Services Crash: Gmail, YouTube, Maps Reportedly Experience Major Outages Across Eastern Europe, US Cities",https://www.benzinga.com/markets/equities/25/09/47493557/google-services-crash-gmail-youtube-maps-reportedly-experience-major-outages-across-eastern-europe-us-cities,0
GPC,Genuine Parts Company,Genuine Parts Company,stocks,9999,2,2025-08-26 20:02:00+00:00,What 5 Analyst Ratings Have To Say About Genuine Parts,https://www.benzinga.com/insights/analyst-ratings/25/08/47344567/what-5-analyst-ratings-have-to-say-about-genuine-parts,0
GPN,Global Payments Inc.,Global Payments Inc.,stocks,9999,1,2025-08-15 15:05:00+00:00,Sell Alert: David Sheffield Cashes Out $207K In Global Payments Stock,https://www.benzinga.com/insights/news/25/08/47158507/sell-alert-david-sheffield-cashes-out-207k-in-global-payments-stock,0
GRMN,Garmin Ltd.,Garmin Ltd.,stocks,9999,1,2025-09-03 11:00:00+00:00,Garmin Launches GPSMAP H1i Plus Adventure-Rea...,https://www.benzinga.com/news/25/09/47468877/garmin-launches-gpsmap-h1i-plus-adventure-ready-handheld-offering-photo-sharing-voice-control-sos-me,0
GS,"Goldman Sachs Group, Inc. (The)","The Goldman Sachs Group, Inc.",stocks,9999,8,2025-09-03 16:00:00+00:00,"'Goldman, KKR Among Lenders of €1.4 Billion P...",https://www.benzinga.com/news/25/09/47479508/goldman-kkr-among-lenders-of-1-4-billion-pik-debt-for-stada-bloomberg,0
GWW,"W.W. Grainger, Inc.","W.W. Grainger, Inc.",stocks,9999,4,2025-08-06 22:45:00+00:00,Here's How Much $1000 Invested In W.W. Grainger 15 Years Ago Would Be Worth Today,https://www.benzinga.com/insights/news/25/08/46933772/heres-how-much-1000-invested-in-w-w-grainger-15-years-ago-would-be-worth-today,0
HAL,Halliburton Company,Halliburton Company,stocks,9999,3,2025-09-03 14:00:00+00:00,Shares of oil and gas companies are trading l...,https://www.benzinga.com/wiim/25/09/47475608/shares-of-oil-and-gas-companies-are-trading-lower-following-reports-suggesting-opec-is-considering-a,0
HAS,"Hasbro, Inc.","Hasbro, Inc.",stocks,9999,5,2025-08-14 16:33:00+00:00,"Live On CNBC, Kevin Simpson Announces Bought ...",https://www.benzinga.com/trading-ideas/25/08/47130590/live-on-cnbc-kevin-simpson-announces-bought-more-rtx-bought-altria-group-bought-hasbro,0
HBAN,Huntington Bancshares Incorpora,Huntington Bancshares Incorporated,stocks,9999,1,2025-09-03 14:00:00+00:00,Analyst Expectations For Huntington Bancshares's Future,https://www.benzinga.com/insights/analyst-ratings/25/09/47474041/analyst-expectations-for-huntington-bancsharess-future,0
HCA,"HCA Healthcare, Inc.","HCA Healthcare, Inc.",stocks,9999,2,2025-08-27 14:15:00+00:00,$100 Invested In HCA Healthcare 10 Years Ago Would Be Worth This Much Today,https://www.benzinga.com/insights/news/25/08/47359132/100-invested-in-hca-healthcare-10-years-ago-would-be-worth-this-much-today,0
HD,"Home Depot, Inc. (The)","The Home Depot, Inc.",stocks,9999,7,2025-09-03 04:00:00+00:00,Home Depot's Options Frenzy: What You Need to Know,https://www.benzinga.com/insights/options/25/09/47459814/home-depots-options-frenzy-what-you-need-to-know,0
HES,Hess Corporation,Hess Corporation,stocks,0,0,2025-06-18 04:00:00+00:00,Shares of energy stocks are trading higher as...,https://www.benzinga.com/wiim/25/06/45980720/shares-of-energy-stocks-are-trading-higher-as-oil-rises-amid-concerns-of-israel-iran-escalation-pres,0
HIG,Hartford Financial Services Gro,"The Hartford Financial Services Group, Inc.",stocks,9999,1,2025-09-03 04:00:00+00:00,Piper Sandler Maintains Overweight on The Har...,https://www.benzinga.com/news/25/09/47447728/piper-sandler-maintains-overweight-on-the-hartford-insurance-gr-raises-price-target-to-150,0
HII,"Huntington Ingalls Industries, ","Huntington Ingalls Industries, Inc.",stocks,9999,2,2025-08-26 11:49:00+00:00,South Korea's Lee Joins Trump In Push To Revitalize US Shipbuilding— 'Facilities Are Old...There's A Shortage Of...',https://www.benzinga.com/markets/macro-economic-events/25/08/47328507/south-koreas-lee-joins-trump-in-push-to-revitalize-us-shipbuilding-facilities-are-old-theres-a-shortage-of,0
HLT,Hilton Worldwide Holdings Inc.,Hilton Worldwide Holdings Inc.,stocks,9999,2,2025-09-03 04:00:00+00:00,Bill Ackman Has 70% Of His Portfolio Invested In These 5 Stocks: Here's What Q2 13F Filings Show,https://www.benzinga.com/markets/hedge-funds/25/09/47444859/bill-ackman-has-70-of-his-portfolio-invested-in-these-5-stocks-heres-what-q2-13f-filings-show,0
HON,Honeywell International Inc.,Honeywell International Inc.,stocks,9999,4,2025-08-25 10:54:00+00:00,Timken Names Honeywell's Lucian Boldea CEO St...,https://www.benzinga.com/news/25/08/47304113/timken-names-honeywells-lucian-boldea-ceo-starting-september-1-succeeding-interim-leader-richard-kyl,0
HOOD,"Robinhood Markets, Inc.","Robinhood Markets, Inc.",stocks,9999,24,2025-09-03 17:00:00+00:00,10 Financials Stocks With Whale Alerts In Today's Session,https://www.benzinga.com/insights/options/25/09/47481349/10-financials-stocks-with-whale-alerts-in-todays-session,0
HPE,Hewlett Packard Enterprise Comp,Hewlett Packard Enterprise Company,stocks,9999,2,2025-09-04 09:00:00+00:00,"Stock Market Today: Dow Futures Slip, S&P 500 Rises As Trump Files Tariff Appeal—American Eagle, Salesforce, Lululemon In Focus",https://www.benzinga.com/markets/equities/25/09/47493147/stock-market-today-dow-futures-slip-sp-500-rises-as-trump-files-tariff-appeal-american-eagle-salesforce-lululemon-in-focus,0
HPQ,HP Inc.,HP Inc.,stocks,9999,1,2025-08-29 04:00:00+00:00,"JP Morgan Maintains Overweight on HP, Raises ...",https://www.benzinga.com/news/25/08/47398538/jp-morgan-maintains-overweight-on-hp-raises-price-target-to-30,0
HRL,Hormel Foods Corporation,Hormel Foods Corporation,stocks,9999,1,2025-09-01 04:00:00+00:00,"Marvell Technology, eBay, And DexCom Are Among Top 10 Large Cap Losers Last Week (August 25-August 29): Are The Others In Your Portfolio?",https://www.benzinga.com/markets/large-cap/25/08/47432155/marvell-technology-ebay-and-dexcom-are-among-top-10-large-cap-losers-last-week-august-25-august-29-are-the-others-in-your-portfolio,0
HSIC,"Henry Schein, Inc.","Henry Schein, Inc.",stocks,9999,2,2025-08-26 12:01:00+00:00,What Analysts Are Saying About Henry Schein Stock,https://www.benzinga.com/insights/analyst-ratings/25/08/47329001/what-analysts-are-saying-about-henry-schein-stock,0
HST,"Host Hotels & Resorts, Inc.","Host Hotels & Resorts, Inc.",stocks,9999,1,2025-09-03 12:00:00+00:00,Truist Securities Maintains Hold on Host Hote...,https://www.benzinga.com/news/25/09/47470720/truist-securities-maintains-hold-on-host-hotels-resorts-raises-price-target-to-19,0
HSY,The Hershey Company,The Hershey Company,stocks,9999,3,2025-08-20 11:24:00+00:00,"JP Morgan Assumes Hershey at Neutral, Raises ...",https://www.benzinga.com/news/25/08/47230478/jp-morgan-assumes-hershey-at-neutral-raises-price-target-to-187,0
HUBB,Hubbell Inc,Hubbell Incorporated,stocks,9999,2,2025-09-03 04:00:00+00:00,Assessing Hubbell: Insights From 6 Financial Analysts,https://www.benzinga.com/insights/analyst-ratings/25/09/47449819/assessing-hubbell-insights-from-6-financial-analysts,0
HUM,Humana Inc.,Humana Inc.,stocks,9999,3,2025-09-03 04:00:00+00:00,10 Health Care Stocks Whale Activity In Today's Session,https://www.benzinga.com/insights/options/25/09/47456462/10-health-care-stocks-whale-activity-in-todays-session,0
HWM,Howmet Aerospace Inc.,Howmet Aerospace Inc.,stocks,9999,3,2025-08-27 15:15:00+00:00,Here's How Much You Would Have Made Owning Howmet Aerospace Stock In The Last 5 Years,https://www.benzinga.com/insights/news/25/08/47361760/heres-how-much-you-would-have-made-owning-howmet-aerospace-stock-in-the-last-5-years,0
IBKR,"Interactive Brokers Group, Inc.","Interactive Brokers Group, Inc.",stocks,9999,2,2025-09-03 04:00:00+00:00,Interactive Brokers Group Reports Brokerage M...,https://www.benzinga.com/news/25/09/47455885/interactive-brokers-group-reports-brokerage-metrics-and-other-financial-information-for-august-2025,0
IBM,International Business Machines,International Business Machines Corporation,stocks,9999,9,2025-09-01 04:00:00+00:00,"Consumer Tech News (August 25–August 30): Nvidia Shines but Stocks Wobble on Hotter Core PCE; AI Bets Accelerate, EVs Face Headwinds",https://www.benzinga.com/markets/equities/25/08/47431856/consumer-tech-news-august-25-august-30-nvidia-shines-but-stocks-wobble-on-hotter-core-pce-ai-bets-accelerate-evs-face-headwinds,0
ICE,Intercontinental Exchange Inc.,"Intercontinental Exchange, Inc.",stocks,9999,1,2025-09-03 04:00:00+00:00,Here's How Much You Would Have Made Owning Intercontinental Exchange Stock In The Last 15 Years,https://www.benzinga.com/insights/news/25/09/47453511/heres-how-much-you-would-have-made-owning-intercontinental-exchange-stock-in-the-last-15-years,0
IDXX,"IDEXX Laboratories, Inc.","IDEXX Laboratories, Inc.",stocks,9999,1,2025-08-27 15:02:00+00:00,Options Exercise: M. Anne Szostak At IDEXX Laboratories Realizes $951K,https://www.benzinga.com/insights/news/25/08/47361109/options-exercise-m-anne-szostak-at-idexx-laboratories-realizes-951k,0
IEX,IDEX Corporation,IDEX Corporation,stocks,9999,1,2025-08-04 16:23:00+00:00,"DA Davidson Maintains Neutral on IDEX, Lowers...",https://www.benzinga.com/news/25/08/46833049/da-davidson-maintains-neutral-on-idex-lowers-price-target-to-180,0
IFF,International Flavors & Fragran,International Flavors & Fragrances Inc.,stocks,9999,3,2025-08-27 08:04:00+00:00,Reservas Votorantim And IFF Establish First F...,https://www.benzinga.com/news/25/08/47351392/reservas-votorantim-and-iff-establish-first-forest-lab-in-brazils-atlantic-forest-reserve-to-unlock,0
ILMN,"Illumina, Inc.","Illumina, Inc.",stocks,9999,1,2025-09-03 13:00:00+00:00,Illumina Launches Protein Prep Assay Targetin...,https://www.benzinga.com/general/biotech/25/09/47472469/illumina-launches-protein-prep-assay-targeting-9-500-human-proteins-to-accelerate-disease-researc,0
INCY,Incyte Corporation,Incyte Corporation,stocks,9999,2,2025-08-26 17:02:00+00:00,"S&P 500 Losers: 22 Stocks With Negative Returns Over Past 10 Years, And This One's Getting The Boot",https://www.benzinga.com/trading-ideas/long-ideas/25/08/47339739/sp-500-losers-22-stocks-negative-returns-10-years-getting-kicked-out,0
INTC,Intel Corporation,Intel Corporation,stocks,9999,9,2025-09-04 07:00:00+00:00,Rand Paul Slams Trump's 10% Intel Stake: 'It's A Step Toward Socialism' — Says It Compounds 'One Bad Idea With Another',https://www.benzinga.com/news/politics/25/09/47492030/rand-paul-slams-trumps-10-intel-stake-its-a-step-toward-socialism-says-it-compounds-one-bad-idea-with-another,0
INTU,Intuit Inc.,Intuit Inc.,stocks,9999,3,2025-09-03 04:00:00+00:00,"If You Invested $100 In This Stock 20 Years Ago, You Would Have This Much Today",https://www.benzinga.com/insights/news/25/09/47463436/if-you-invested-100-in-this-stock-20-years-ago-you-would-have-this-much-today,0
INVH,Invitation Homes Inc.,Invitation Homes Inc.,stocks,9999,1,2025-08-29 04:00:00+00:00,Scotiabank Maintains Sector Performer on Invi...,https://www.benzinga.com/news/25/08/47392583/scotiabank-maintains-sector-performer-on-invitation-homes-lowers-price-target-to-36,0
IP,International Paper Company,International Paper Company,stocks,9999,2,2025-08-29 04:00:00+00:00,This Thomson Reuters Analyst Turns Bullish; Here Are Top 3 Upgrades For Thursday,https://www.benzinga.com/analyst-stock-ratings/upgrades/25/08/47382973/this-thomson-reuters-analyst-turns-bullish-here-are-top-3-upgrades-for-thursday,0
IPG,"Interpublic Group of Companies,","The Interpublic Group of Companies, Inc.",stocks,9999,1,2025-08-11 11:15:00+00:00,Interpublic Expands Collaboration With Aaru T...,https://www.benzinga.com/news/25/08/47026820/interpublic-expands-collaboration-with-aaru-to-integrate-predictive-simulation-technology-into-inter,0
IQV,"IQVIA Holdings, Inc.",IQVIA Holdings Inc.,stocks,9999,4,2025-09-03 04:00:00+00:00,IQVIA Holdings Names Michael Fedock As CFO Ef...,https://www.benzinga.com/news/25/09/47447882/iqvia-holdings-names-michael-fedock-as-cfo-effective-february-2026,0
IR,Ingersoll Rand Inc.,Ingersoll Rand Inc.,stocks,9999,2,2025-08-30 04:00:00+00:00,How Is The Market Feeling About Ingersoll Rand?,https://www.benzinga.com/insights/short-sellers/25/08/47411239/how-is-the-market-feeling-about-ingersoll-rand,0
IRM,Iron Mountain Incorporated (Del,Iron Mountain Incorporated,stocks,9999,2,2025-09-04 08:00:00+00:00,Iron Mountain Announces Proposed €750M Senior...,https://www.benzinga.com/news/25/09/47492074/iron-mountain-announces-proposed-750m-senior-notes-offering-due-2034-to-redeem-2025-gbp-notes-and-fo,0
ISRG,"Intuitive Surgical, Inc.","Intuitive Surgical, Inc.",stocks,9999,2,2025-09-03 19:00:00+00:00,"Alphabet, Apple Fuel Tech Rebound, Gold Defies Gravity: What's Moving Markets Wednesday?",https://www.benzinga.com/markets/market-summary/25/09/47482210/alphabet-apple-fuel-tech-rebound-gold-defies-gravity-whats-moving-markets-wednesday,0
IT,"Gartner, Inc.","Gartner, Inc.",stocks,9999,2,2025-09-03 22:00:00+00:00,Demystifying Gartner: Insights From 10 Analyst Reviews,https://www.benzinga.com/insights/analyst-ratings/25/09/47487085/demystifying-gartner-insights-from-10-analyst-reviews,0
ITW,Illinois Tool Works Inc.,Illinois Tool Works Inc.,stocks,9999,1,2025-08-29 04:00:00+00:00,A Look Into Illinois Tool Works Inc's Price Over Earnings,https://www.benzinga.com/insights/news/25/08/47401246/a-look-into-illinois-tool-works-incs-price-over-earnings,0
IVZ,Invesco Ltd,Invesco Ltd.,stocks,9999,3,2025-08-26 08:39:00+00:00,Carlyle to Buy Invesco's Intelliflo for Up to...,https://www.benzinga.com/m-a/25/08/47325752/carlyle-to-buy-invescos-intelliflo-for-up-to-200m-splitting-uk-and-us-wealth-software-operations,0
J,Jacobs Solutions Inc.,Jacobs Solutions Inc.,stocks,9999,1,2025-08-29 04:00:00+00:00,Jacobs Bags 15-Yr Contract Renewal From City ...,https://www.benzinga.com/news/25/08/47381183/jacobs-bags-15-yr-contract-renewal-from-city-of-centennial-colorado-to-continue-delivering-vital-pub,0
JBHT,"J.B. Hunt Transport Services, I","J.B. Hunt Transport Services, Inc.",stocks,9999,3,2025-08-25 18:00:00+00:00,What's Driving the Market Sentiment Around JB Hunt Transport Servs?,https://www.benzinga.com/insights/short-sellers/25/08/47316144/whats-driving-the-market-sentiment-around-jb-hunt-transport-servs,0
JBL,Jabil Inc.,Jabil Inc.,stocks,9999,1,2025-09-02 04:00:00+00:00,Here's How Much You Would Have Made Owning Jabil Stock In The Last 10 Years,https://www.benzinga.com/insights/news/25/09/47438573/heres-how-much-you-would-have-made-owning-jabil-stock-in-the-last-10-years,0
JCI,Johnson Controls International ,Johnson Controls International plc,stocks,9999,1,2025-08-27 17:35:00+00:00,10 Industrials Stocks Whale Activity In Today's Session,https://www.benzinga.com/insights/options/25/08/47366093/10-industrials-stocks-whale-activity-in-todays-session,0
JKHY,"Jack Henry & Associates, Inc.","Jack Henry & Associates, Inc.",stocks,9999,1,2025-08-30 04:00:00+00:00,"Why Medtronic Has Been Stuck for Over 1,100 Days And What Lies Ahead",https://www.benzinga.com/markets/equities/25/08/47414818/why-medtronic-has-been-stuck-for-over-1-100-days-and-what-lies-ahead,0
JNJ,Johnson & Johnson,Johnson & Johnson,stocks,9999,8,2025-09-03 04:00:00+00:00,"Johnson & Johnson Showcases Positive AFib Data, Treatment Results",https://www.benzinga.com/markets/large-cap/25/09/47451324/johnson-johnson-showcases-latest-data-afib-treatment-boosts-stock,0
JNPR,"Juniper Networks, Inc.","Juniper Networks, Inc.",stocks,0,0,2025-05-23 19:26:00+00:00,"Hewlett Packard, NetApp Better Positioned To Sidestep Tariff Headwinds Ahead of Earnings: Analyst",https://www.benzinga.com/analyst-ratings/analyst-color/25/05/45594757/hewlett-packard-netapp-better-positioned-to-sidestep-tariff-headwinds-ahead-of-earnings-analyst,0
JPM,JP Morgan Chase & Co.,JPMorgan Chase & Co.,stocks,9999,11,2025-09-03 17:00:00+00:00,Federal Reserve To Host October Conference On Convergence Of Traditional And Decentralized Finance,https://www.benzinga.com/crypto/cryptocurrency/25/09/47479367/federal-reserve-to-host-october-conference-on-convergence-of-traditional-and-decentralized-finance,0
K,Kellanova,Kellanova,stocks,9999,1,2025-08-20 11:44:00+00:00,"JP Morgan Assumes Kellanova at Neutral, Annou...",https://www.benzinga.com/news/25/08/47230938/jp-morgan-assumes-kellanova-at-neutral-announces-price-target-of-83-5,0
KDP,Keurig Dr Pepper Inc.,Keurig Dr Pepper Inc.,stocks,9999,3,2025-09-01 04:00:00+00:00,"Marvell Technology, eBay, And DexCom Are Among Top 10 Large Cap Losers Last Week (August 25-August 29): Are The Others In Your Portfolio?",https://www.benzinga.com/markets/large-cap/25/08/47432155/marvell-technology-ebay-and-dexcom-are-among-top-10-large-cap-losers-last-week-august-25-august-29-are-the-others-in-your-portfolio,0
KEY,KeyCorp,KeyCorp,stocks,9999,2,2025-08-27 11:01:00+00:00,"Marriott, Toast, KeyCorp And More On CNBC's 'Final Trades'",https://www.benzinga.com/analyst-stock-ratings/analyst-color/25/08/47353637/marriott-toast-keycorp-and-more-on-cnbcs-final-trades,0
KEYS,Keysight Technologies Inc.,"Keysight Technologies, Inc.",stocks,9999,1,2025-09-03 23:00:00+00:00,Here's How Much $100 Invested In Keysight Techs 10 Years Ago Would Be Worth Today,https://www.benzinga.com/insights/news/25/09/47488414/heres-how-much-100-invested-in-keysight-techs-10-years-ago-would-be-worth-today,0
KHC,The Kraft Heinz Company,The Kraft Heinz Company,stocks,9999,2,2025-09-03 17:00:00+00:00,Morgan Stanley Upgrades Kraft Heinz to Equal-...,https://www.benzinga.com/news/25/09/47479309/morgan-stanley-upgrades-kraft-heinz-to-equal-weight-raises-price-target-to-29,0
KIM,Kimco Realty Corporation (HC),Kimco Realty Corporation,stocks,9999,3,2025-09-02 04:00:00+00:00,How Is The Market Feeling About Kimco Realty?,https://www.benzinga.com/insights/short-sellers/25/09/47439413/how-is-the-market-feeling-about-kimco-realty,0
KLAC,KLA Corporation,KLA Corporation,stocks,9999,3,2025-09-03 04:00:00+00:00,Shares of chip stocks are trading lower amid ...,https://www.benzinga.com/economics/macro-economic-events/25/09/47457646/shares-of-chip-stocks-are-trading-lower-amid-broader-market-weakness-as-treasury-,0
KMB,Kimberly-Clark Corporation,Kimberly-Clark Corporation,stocks,9999,1,2025-08-30 04:00:00+00:00,Kimberly-Clark To Pay Around $40 Million Over Surgical Gown Designs,https://www.benzinga.com/news/legal/25/08/47420402/kimberly-clark-to-pay-around-40-million-over-surgical-gown-designs,0
KMI,"Kinder Morgan, Inc.","Kinder Morgan, Inc.",stocks,9999,1,2025-09-02 04:00:00+00:00,Looking Into Kinder Morgan's Recent Short Interest,https://www.benzinga.com/insights/short-sellers/25/09/47439421/looking-into-kinder-morgans-recent-short-interest,0
KO,Coca-Cola Company (The),The Coca-Cola Company,stocks,9999,2,2025-09-03 04:00:00+00:00,Activist Investor Elliott's Massive Stake Puts PepsiCo Under Pressure To Break Out Of Slump,https://www.benzinga.com/trading-ideas/movers/25/09/47448348/activist-investor-elliotts-massive-stake-puts-pepsico-under-pressure-to-break-out-of-slump,0
KR,Kroger Company (The),The Kroger Co.,stocks,9999,1,2025-09-04 04:00:00+00:00,Gen Z Banking On Deals And Dupes For 2025 Holiday Season As The Young Plan Steep Spending Cuts,https://www.benzinga.com/news/retail-sales/25/09/47490431/gen-z-banking-on-deals-and-dupes-for-2025-holiday-season-as-the-young-plan-steep-spending-cuts,0
LDOS,"Leidos Holdings, Inc.","Leidos Holdings, Inc.",stocks,9999,2,2025-09-04 10:00:00+00:00,RBC Capital Upgrades Leidos Holdings to Outpe...,https://www.benzinga.com/news/25/09/47493260/rbc-capital-upgrades-leidos-holdings-to-outperform-raises-price-target-to-210,0
LH,Laboratory Corporation of Ameri,Laboratory Corporation of America Holdings,stocks,9999,1,2025-08-20 13:00:00+00:00,How Do Investors Really Feel About Labcorp Hldgs?,https://www.benzinga.com/insights/short-sellers/25/08/47232786/how-do-investors-really-feel-about-labcorp-hldgs,0
LHX,"L3Harris Technologies, Inc.","L3Harris Technologies, Inc.",stocks,9999,4,2025-08-30 04:00:00+00:00,Price Over Earnings Overview: L3Harris Technologies,https://www.benzinga.com/insights/news/25/08/47413533/price-over-earnings-overview-l3harris-technologies,0
LIN,Linde plc,Linde plc,stocks,9999,1,2025-09-03 15:00:00+00:00,$100 Invested In Linde 20 Years Ago Would Be Worth This Much Today,https://www.benzinga.com/insights/news/25/09/47475753/100-invested-in-linde-20-years-ago-would-be-worth-this-much-today,0
LKQ,LKQ Corporation,LKQ Corporation,stocks,9999,2,2025-08-26 12:10:00+00:00,LKQ Corporation Announces It Has Entered Into...,https://www.benzinga.com/news/25/08/47329217/lkq-corporation-announces-it-has-entered-into-a-definitive-agreement-to-sell-its-self-service-segmen,0
LLY,Eli Lilly and Company,Eli Lilly and Company,stocks,9999,12,2025-09-04 10:50:00+00:00,Eli Lilly's Olomorasib + KEYTRUDA Combo Secur...,https://www.benzinga.com/news/25/09/47494135/eli-lillys-olomorasib-keytruda-combo-secures-fda-breakthrough-therapy-designation-for-kras-g12c-nscl,0
LMT,Lockheed Martin Corporation,Lockheed Martin Corporation,stocks,9999,6,2025-09-03 20:00:00+00:00,'U.S. Army Awards Lockheed Martin $9.8B Contr...,https://www.benzinga.com/news/25/09/47483556/u-s-army-awards-lockheed-martin-9-8b-contract-to-bolster-missile-defense-with-pac-3-mse-lockheed-mar,0
LNT,Alliant Energy Corporation,Alliant Energy Corporation,stocks,9999,2,2025-08-25 20:00:00+00:00,Is Alliant Energy Gaining or Losing Market Support?,https://www.benzinga.com/insights/short-sellers/25/08/47318753/is-alliant-energy-gaining-or-losing-market-support,0
LOW,"Lowe's Companies, Inc.","Lowe's Companies, Inc.",stocks,9999,3,2025-09-03 21:00:00+00:00,Here's How Much You Would Have Made Owning Lowe's Companies Stock In The Last 10 Years,https://www.benzinga.com/insights/news/25/09/47487078/heres-how-much-you-would-have-made-owning-lowes-companies-stock-in-the-last-10-years,0
LRCX,Lam Research Corporation,Lam Research Corporation,stocks,9999,6,2025-09-03 04:00:00+00:00,Shares of chip stocks are trading lower amid ...,https://www.benzinga.com/economics/macro-economic-events/25/09/47457646/shares-of-chip-stocks-are-trading-lower-amid-broader-market-weakness-as-treasury-,0
LULU,lululemon athletica inc.,Lululemon Athletica Inc.,stocks,9999,48,2025-09-04 10:00:00+00:00,"Stock Market Today: Dow Futures Slip, S&P 500 Rises As Trump Files Tariff Appeal—American Eagle, Salesforce, Lululemon In Focus",https://www.benzinga.com/markets/equities/25/09/47493147/stock-market-today-dow-futures-slip-sp-500-rises-as-trump-files-tariff-appeal-american-eagle-salesforce-lululemon-in-focus,0
LUV,Southwest Airlines Company,Southwest Airlines Co.,stocks,9999,5,2025-09-03 04:00:00+00:00,Beating The September Curse–These 10 Stocks Shine While The S&P 500 Stumbles,https://www.benzinga.com/markets/equities/25/09/47450579/september-seasonality-stocks-to-buy-sp500,0
LVS,Las Vegas Sands Corp.,Las Vegas Sands Corp.,stocks,9999,1,2025-09-02 04:00:00+00:00,10 Consumer Discretionary Stocks Whale Activity In Today's Session,https://www.benzinga.com/insights/options/25/09/47439306/10-consumer-discretionary-stocks-whale-activity-in-todays-session,0
LW,"Lamb Weston Holdings, Inc.","Lamb Weston Holdings, Inc.",stocks,9999,1,2025-08-20 11:57:00+00:00,JP Morgan Assumes Lamb Weston Hldgs at Neutra...,https://www.benzinga.com/news/25/08/47231030/jp-morgan-assumes-lamb-weston-hldgs-at-neutral-lowers-price-target-of-57,0
LYB,LyondellBasell Industries NV,LyondellBasell Industries N.V.,stocks,9999,3,2025-08-24 12:31:00+00:00,"Zoom, Royal Caribbean Cruises, And Ubiquiti Are Among Top Large Cap Gainers Last Week (August 18-August 22): Are The Others In Your Portfolio?",https://www.benzinga.com/markets/large-cap/25/08/47299046/zoom-royal-caribbean-cruises-and-ubiquiti-are-among-top-large-cap-gainers-last-week-august-18-august-22-are-the-others-in-your-portfolio,0
LYV,"Live Nation Entertainment, Inc.","Live Nation Entertainment, Inc.",stocks,9999,3,2025-08-22 11:41:00+00:00,"ServiceNow, Live Nation Entertainment And A Health Care Stock: CNBC's 'Final Trades'",https://www.benzinga.com/trading-ideas/long-ideas/25/08/47278825/servicenow-live-nation-entertainment-and-a-health-care-stock-cnbcs-final-trades,0
MA,Mastercard Incorporated,Mastercard Incorporated,stocks,9999,5,2025-09-03 17:00:00+00:00,Federal Reserve To Host October Conference On Convergence Of Traditional And Decentralized Finance,https://www.benzinga.com/crypto/cryptocurrency/25/09/47479367/federal-reserve-to-host-october-conference-on-convergence-of-traditional-and-decentralized-finance,0
MAR,Marriott International,"Marriott International, Inc.",stocks,9999,1,2025-09-03 13:00:00+00:00,Truist Securities Maintains Hold on Marriott ...,https://www.benzinga.com/news/25/09/47470754/truist-securities-maintains-hold-on-marriott-international-raises-price-target-to-278,0
MAS,Masco Corporation,Masco Corporation,stocks,9999,1,2025-08-04 17:53:00+00:00,"Loop Capital Maintains Hold on Masco, Raises ...",https://www.benzinga.com/news/25/08/46835463/loop-capital-maintains-hold-on-masco-raises-price-target-to-73,0
MCD,McDonald's Corporation,McDonald's Corporation,stocks,9999,5,2025-09-03 14:00:00+00:00,Top 10 Trending Stocks On WallStreetBets As O...,https://www.benzinga.com/wiim/25/09/47472173/top-10-trending-stocks-on-wallstreetbets-as-of-sept-3-2025-via-swaggy-stocks,0
MCHP,Microchip Technology Incorporat,Microchip Technology Incorporated,stocks,9999,1,2025-08-29 04:00:00+00:00,Options Corner: Diverging Narratives For Microchip Counterintuitively Opens A Rare Reversal Signal,https://www.benzinga.com/markets/options/25/08/47398826/microchip-mchp-stock-diverging-narratives-contrarian-signal,0
MCK,McKesson Corporation,McKesson Corporation,stocks,9999,3,2025-08-29 04:00:00+00:00,Value Roars Back: Scharf Investments Launches KAT And GKAT ETFs With $900 Million,https://www.benzinga.com/etfs/new-etfs/25/08/47400263/value-roars-back-scharf-investments-launches-kat-and-gkat-etfs-with-900-million,0
MCO,Moody's Corporation,Moody's Corporation,stocks,9999,2,2025-09-03 13:00:00+00:00,Looking Into Moodys's Recent Short Interest,https://www.benzinga.com/insights/short-sellers/25/09/47471390/looking-into-moodyss-recent-short-interest,0
MDLZ,"Mondelez International, Inc.","Mondelez International, Inc.",stocks,9999,1,2025-09-01 04:00:00+00:00,The Snackpocalypse And The Rise Of The Celebrity Partnership,https://www.benzinga.com/news/topics/25/08/47433745/the-snackpocalypse-and-the-rise-of-the-celebrity-partnership,0
MDT,Medtronic plc.,Medtronic plc,stocks,9999,3,2025-09-03 04:00:00+00:00,Medtronic Secures FDA Clearance For SmartGuar...,https://www.benzinga.com/news/25/09/47447305/medtronic-secures-fda-clearance-for-smartguard-algorithm-integration-with-abbotts-instinct-sensor-an,0
MET,"MetLife, Inc.","MetLife, Inc.",stocks,9999,1,2025-08-22 15:51:00+00:00,Shares of banking and broader financial servi...,https://www.benzinga.com/wiim/25/08/47286488/shares-of-banking-and-broader-financial-services-stocks-are-trading-higher-amid-overall-market-stren,0
META,"Meta Platforms, Inc.",Mark Zuckerberg,stocks,9999,38,2025-09-04 10:44:00+00:00,Trump Calls Elon Musk '80% Super Genius' And '20% Problems' Amid White House Rose Garden Event Snub: 'I Like Him Now But…',https://www.benzinga.com/news/politics/25/09/47493887/trump-calls-elon-musk-80-super-genius-and-20-problems-amid-white-house-rose-garden-event-snub-i-like-him-now-but,0
MGM,MGM Resorts International,MGM Resorts International,stocks,9999,2,2025-09-03 13:00:00+00:00,T-Mobile Arena Extends Partnership With TKO G...,https://www.benzinga.com/news/25/09/47470745/t-mobile-arena-extends-partnership-with-tko-group-to-host-annual-ufc-and-wwe-events-through-2030,0
MHK,"Mohawk Industries, Inc.","Mohawk Industries, Inc.",stocks,9999,1,2025-08-26 17:11:00+00:00,Stock Of The Day: Breakout For Mohawk Industries?,https://www.benzinga.com/trading-ideas/technicals/25/08/47340034/stock-of-the-day-breakout-for-mohawk-industries,0
MKC,"McCormick & Company, Incorporat","McCormick & Company, Incorporated",stocks,9999,1,2025-08-22 13:49:00+00:00,"UBS Maintains Neutral on McCormick & Co, Lowe...",https://www.benzinga.com/news/25/08/47281347/ubs-maintains-neutral-on-mccormick-co-lowers-price-target-to-79,0
MKTX,"MarketAxess Holdings, Inc.",MarketAxess Holdings Inc.,stocks,9999,7,2025-08-25 12:31:00+00:00,Argus Research Upgrades MarketAxess Holdings ...,https://www.benzinga.com/news/25/08/47305992/argus-research-upgrades-marketaxess-holdings-to-buy-announces-212-price-target,0
MLM,"Martin Marietta Materials, Inc.","Martin Marietta Materials, Inc.",stocks,9999,1,2025-08-30 04:00:00+00:00,$100 Invested In Martin Marietta Materials 15 Years Ago Would Be Worth This Much Today,https://www.benzinga.com/insights/news/25/08/47420228/100-invested-in-martin-marietta-materials-15-years-ago-would-be-worth-this-much-today,0
MMC,"Marsh & McLennan Companies, Inc","Marsh & McLennan Companies, Inc.",stocks,9999,1,2025-09-03 04:00:00+00:00,Marsh & McLennan Companies' Marsh McLennan Ag...,https://www.benzinga.com/m-a/25/09/47449969/marsh-mclennan-companies-marsh-mclennan-agency-acquires-robins-insurance-a-nashville-tennessee-based,0
MMM,3M Company,3M Company,stocks,9999,1,2025-08-30 04:00:00+00:00,DuPont Divests Aramids Business In $1.8 Billion Deal To Sharpen Portfolio,https://www.benzinga.com/markets/asset-sales/25/08/47411011/dupont-divests-aramids-business-in-1-8-billion-deal-to-sharpen-portfolio,0
MO,"Altria Group, Inc.","Altria Group, Inc.",stocks,9999,5,2025-09-03 04:00:00+00:00,Top 2 Defensive Stocks That May Keep You Up At Night This Quarter,https://www.benzinga.com/trading-ideas/short-ideas/25/09/47446196/top-2-defensive-stocks-that-may-keep-you-up-at-night-this-quarter,0
MOH,Molina Healthcare Inc,"Molina Healthcare, Inc.",stocks,9999,6,2025-08-26 13:22:00+00:00,Cantor Fitzgerald Reiterates Neutral on Molin...,https://www.benzinga.com/news/25/08/47331239/cantor-fitzgerald-reiterates-neutral-on-molina-healthcare-maintains-210-price-target,0
MOS,Mosaic Company (The),The Mosaic Company,stocks,9999,1,2025-09-02 04:00:00+00:00,Why Traders Fear September: 10 S&P 500 Stocks To Watch As Weak Seasonality Kicks In,https://www.benzinga.com/markets/market-summary/25/09/47438659/sp500-september-seasonality-worst-stocks,0
MPC,Marathon Petroleum Corporation,Marathon Petroleum Corporation,stocks,9999,3,2025-09-03 19:00:00+00:00,Deep Dive Into Marathon Petroleum Stock: Analyst Perspectives (13 Ratings),https://www.benzinga.com/insights/analyst-ratings/25/09/47483266/deep-dive-into-marathon-petroleum-stock-analyst-perspectives-13-ratings,0
MPWR,"Monolithic Power Systems, Inc.","Monolithic Power Systems, Inc.",stocks,9999,1,2025-08-30 04:00:00+00:00,Shares of chip stocks are trading lower follo...,https://www.benzinga.com/wiim/25/08/47420856/shares-of-chip-stocks-are-trading-lower-following-soft-guidance-from-marvell-additionally-nvidia-sto,0
MRK,"Merck & Company, Inc.","Merck & Co., Inc.",stocks,9999,4,2025-09-04 07:00:00+00:00,"Robert F. Kennedy Jr.'s Vaccine Shake-Up Sparks Coast-To-Coast Divide: West Coast Creates Health Alliance, Florida Rolls Back Requirements",https://www.benzinga.com/news/health-care/25/09/47491828/robert-f-kennedy-jr-s-vaccine-shake-up-sparks-coast-to-coast-divide-west-coast-creates-health-alliance-florida-rolls-back-requirements,0
MRNA,"Moderna, Inc.","Moderna, Inc.",stocks,9999,3,2025-09-04 07:00:00+00:00,"Robert F. Kennedy Jr.'s Vaccine Shake-Up Sparks Coast-To-Coast Divide: West Coast Creates Health Alliance, Florida Rolls Back Requirements",https://www.benzinga.com/news/health-care/25/09/47491828/robert-f-kennedy-jr-s-vaccine-shake-up-sparks-coast-to-coast-divide-west-coast-creates-health-alliance-florida-rolls-back-requirements,0
MS,Morgan Stanley,Morgan Stanley,stocks,9999,6,2025-09-04 07:00:00+00:00,"Elon Musk's xAI Hit By CFO Exit, Adding To Wave Of Leadership Departures: Report",https://www.benzinga.com/markets/tech/25/09/47491505/elon-musks-xai-hit-by-cfo-exit-adding-to-wave-of-leadership-departures-report,0
MSCI,MSCI Inc.,MSCI Inc.,stocks,9999,1,2025-08-30 04:00:00+00:00,What's Driving the Market Sentiment Around MSCI?,https://www.benzinga.com/insights/short-sellers/25/08/47423915/whats-driving-the-market-sentiment-around-msci,0
MSFT,Microsoft Corporation,Satya Nadella,stocks,9999,45,2025-09-04 10:19:00+00:00,Microsoft CEO Satya Nadella Hails Research Team Which Built Analog Optical Computer Using Smartphone Parts To Tackle AI Workloads,https://www.benzinga.com/markets/tech/25/09/47493669/microsoft-ceo-satya-nadella-hails-research-team-which-built-analog-optical-computer-using-smartphone-parts-to-tackle-ai-workloads,0
MSI,"Motorola Solutions, Inc.","Motorola Solutions, Inc.",stocks,9999,2,2025-09-03 04:00:00+00:00,Motorola Solutions Awarded Additional $70M+ I...,https://www.benzinga.com/news/25/09/47448224/motorola-solutions-awarded-additional-70m-in-royalties-and-interest-from-hytera-bringing-total-judgm,0
MTB,M&T Bank Corporation,M&T Bank Corporation,stocks,9999,4,2025-09-03 13:00:00+00:00,Alphabet To Rally Around 23%? Here Are 10 Top Analyst Forecasts For Wednesday,https://www.benzinga.com/analyst-stock-ratings/price-target/25/09/47470519/alphabet-to-rally-around-23-here-are-10-top-analyst-forecasts-for-wednesday,0
MTCH,"Match Group, Inc.","Match Group, Inc.",stocks,9999,1,2025-08-22 13:59:00+00:00,Raya: The Dating App That Rejects You More Politely Than Your Ex,https://www.benzinga.com/trading-ideas/long-ideas/25/08/47281705/raya-the-dating-app-that-rejects-you-more-politely-than-your-ex,0
MTD,"Mettler-Toledo International, I",Mettler-Toledo International Inc.,stocks,9999,1,2025-08-21 16:48:00+00:00,Citigroup Maintains Buy on Mettler-Toledo Int...,https://www.benzinga.com/news/25/08/47265156/citigroup-maintains-buy-on-mettler-toledo-intl-raises-price-target-to-1600,0
MU,"Micron Technology, Inc.","Micron Technology, Inc.",stocks,9999,8,2025-09-03 04:00:00+00:00,Marvell Scores Breakthrough As Structera Clears Key Compatibility Tests With Industry Giants,https://www.benzinga.com/markets/tech/25/09/47467463/marvell-scores-breakthrough-as-structera-clears-key-compatibility-tests-with-industry-giants,0
NCLH,Norwegian Cruise Line Holdings ,Norwegian Cruise Line Holdings Ltd.,stocks,9999,7,2025-09-03 04:00:00+00:00,10 Consumer Discretionary Stocks With Whale Alerts In Today's Session,https://www.benzinga.com/insights/options/25/09/47456459/10-consumer-discretionary-stocks-with-whale-alerts-in-todays-session,0
NDAQ,"Nasdaq, Inc.","Nasdaq, Inc.",stocks,9999,5,2025-09-04 07:00:00+00:00,"Reported Earlier, Nasdaq Proposes Enhancement...",https://www.benzinga.com/news/25/09/47491789/reported-earlier-nasdaq-proposes-enhancements-to-its-listing-standards-with-15m-public-float-25m-chi,0
NDSN,Nordson Corporation,Nordson Corporation,stocks,9999,1,2025-09-03 04:00:00+00:00,Nordson Medical Completes Divestiture Of Sele...,https://www.benzinga.com/news/25/09/47461359/nordson-medical-completes-divestiture-of-select-contract-manufacturing-products-narrowing-its-focus,0
NEE,"NextEra Energy, Inc.","NextEra Energy, Inc.",stocks,9999,1,2025-09-03 04:00:00+00:00,"Trump's Nuclear Drive Fuels VanEck Uranium ETF 44% Rally As Microsoft, Google, Nvidia Chase AI-Powered Energy Boom",https://www.benzinga.com/markets/equities/25/09/47464927/trumps-nuclear-drive-fuels-vaneck-uranium-etf-44-rally-as-microsoft-google-nvidia-chase-ai-powered-energy-boom,0
NEM,Newmont Corporation,Newmont Corporation,stocks,9999,8,2025-09-03 04:00:00+00:00,Shares of gold-related companies are trading ...,https://www.benzinga.com/wiim/25/09/47459027/shares-of-gold-related-companies-are-trading-higher-amid-macro-uncertainty-which-could-drive-demand,0
NFLX,"Netflix, Inc.","Netflix, Inc.",stocks,9999,8,2025-09-04 00:00:00+00:00,Microsoft (MSFT) Scored With Minecraft Movie: Is Call Of Duty The Next Box Office Hit?,https://www.benzinga.com/news/entertainment/25/09/47488684/microsoft-msft-scored-with-minecraft-movie-is-call-of-duty-the-next-box-office-hit,0
NI,NiSource Inc,NiSource Inc.,stocks,9999,5,2025-09-04 10:00:00+00:00,"Stock Market Today: Dow Futures Slip, S&P 500 Rises As Trump Files Tariff Appeal—American Eagle, Salesforce, Lululemon In Focus",https://www.benzinga.com/markets/equities/25/09/47493147/stock-market-today-dow-futures-slip-sp-500-rises-as-trump-files-tariff-appeal-american-eagle-salesforce-lululemon-in-focus,0
NKE,"Nike, Inc.","NIKE, Inc.",stocks,9999,5,2025-09-03 04:00:00+00:00,Nike shares are trading lower amid overall ma...,https://www.benzinga.com/wiim/25/09/47458256/nike-shares-are-trading-lower-amid-overall-market-weakness-in-rising-yields,0
NOC,Northrop Grumman Corporation,Northrop Grumman Corporation,stocks,9999,3,2025-09-03 14:00:00+00:00,BT Brands Stock Skyrockets After Aero Velocity Merger Fuels Drone Future,https://www.benzinga.com/m-a/25/09/47475069/bt-brands-stock-skyrockets-after-aero-velocity-merger-fuels-drone-future,0
NOW,"ServiceNow, Inc.","ServiceNow, Inc.",stocks,9999,5,2025-09-03 15:00:00+00:00,Anita M Sands Executes Sell Order: Offloads $1.00M In ServiceNow Stock,https://www.benzinga.com/insights/news/25/09/47476373/anita-m-sands-executes-sell-order-offloads-1-00m-in-servicenow-stock,0
NRG,"NRG Energy, Inc.","NRG Energy, Inc.",stocks,9999,3,2025-08-20 14:57:00+00:00,Melius Research Initiates Coverage On NRG Ene...,https://www.benzinga.com/news/25/08/47237226/melius-research-initiates-coverage-on-nrg-energy-with-buy-rating-announces-price-target-of-308,0
NSC,Norfolk Southern Corporation,Norfolk Southern Corporation,stocks,9999,3,2025-08-29 04:00:00+00:00,What's Driving the Market Sentiment Around Norfolk Southern?,https://www.benzinga.com/insights/short-sellers/25/08/47386840/whats-driving-the-market-sentiment-around-norfolk-southern,0
NTAP,"NetApp, Inc.","NetApp, Inc.",stocks,9999,1,2025-08-30 04:00:00+00:00,Is NetApp Gaining or Losing Market Support?,https://www.benzinga.com/insights/short-sellers/25/08/47425408/is-netapp-gaining-or-losing-market-support,0
NTRS,Northern Trust Corporation,Northern Trust Corporation,stocks,9999,2,2025-08-26 14:16:00+00:00,Northern Trust Chosen To Provide Asset Servic...,https://www.benzinga.com/news/25/08/47333182/northern-trust-chosen-to-provide-asset-servicing-for-new-mexicos-18-5b-educational-retirement-fund,0
NU,Nu Holdings Ltd.,Nu Holdings Ltd.,stocks,9999,3,2025-09-03 04:00:00+00:00,"UBS Maintains Neutral on Nu Holdings, Raises ...",https://www.benzinga.com/news/25/09/47450519/ubs-maintains-neutral-on-nu-holdings-raises-price-target-to-15-6,0
NUE,Nucor Corporation,Nucor Corporation,stocks,9999,2,2025-08-22 20:00:00+00:00,Is the Market Bullish or Bearish on Nucor?,https://www.benzinga.com/insights/short-sellers/25/08/47293241/is-the-market-bullish-or-bearish-on-nucor,0
NVDA,NVIDIA Corporation,NVIDIA Corporation,stocks,9999,83,2025-09-04 11:00:00+00:00,Chinese Regulators Question Nvidia Orders But Alibaba And ByteDance Keep Buying,https://www.benzinga.com/markets/tech/25/09/47494174/chinese-regulators-question-nvidia-orders-but-alibaba-and-bytedance-keep-buying,0
NVO,Novo Nordisk A/S,Novo Nordisk A/S,stocks,9999,8,2025-09-03 17:00:00+00:00,"After Copycat Boom, China's Drugmakers Target Global Generics",https://www.benzinga.com/markets/large-cap/25/09/47479268/after-copycat-boom-china-drugmakers-target-global-generics,0
NVR,"NVR, Inc.","NVR, Inc.",stocks,9999,2,2025-08-22 16:20:00+00:00,Shares of homebuilding and housing-related st...,https://www.benzinga.com/wiim/25/08/47287570/shares-of-homebuilding-and-housing-related-stocks-are-trading-higher-after-fed-chair-powell-said-res,0
NWSA,News Corporation,News Corporation,stocks,9999,4,2025-08-19 13:01:00+00:00,Is Media And Entertainment A Growth Sector? These 3 Legacy Giants Are Flashing Bright Green,https://www.benzinga.com/markets/equities/25/08/47207208/is-media-and-entertainment-a-growth-sector-these-3-legacy-giants-are-flashing-bright-green,0
NXPI,NXP Semiconductors N.V.,NXP Semiconductors N.V.,stocks,9999,1,2025-09-03 04:00:00+00:00,Shares of chip stocks are trading lower amid ...,https://www.benzinga.com/economics/macro-economic-events/25/09/47457646/shares-of-chip-stocks-are-trading-lower-amid-broader-market-weakness-as-treasury-,0
O,Realty Income Corporation,Realty Income Corporation,stocks,9999,2,2025-08-30 04:00:00+00:00,How Do Investors Really Feel About Realty Income?,https://www.benzinga.com/insights/short-sellers/25/08/47411235/how-do-investors-really-feel-about-realty-income,0
OKE,"ONEOK, Inc.","ONEOK, Inc.",stocks,9999,3,2025-09-03 15:00:00+00:00,Shares of oil and gas companies are trading l...,https://www.benzinga.com/wiim/25/09/47475608/shares-of-oil-and-gas-companies-are-trading-lower-following-reports-suggesting-opec-is-considering-a,0
OMC,Omnicom Group Inc.,Omnicom Group Inc.,stocks,9999,1,2025-08-29 04:00:00+00:00,"Bluefish CEO Says 'This Is Where The Eyeballs Are Going' As Startup Helps Brands Show Up In ChatGPT, Google Gemini Conversations",https://www.benzinga.com/news/topics/25/08/47391295/bluefish-ceo-says-this-is-where-the-eyeballs-are-going-as-startup-helps-brands-show-up-in-chatgpt-google-gemini-conversations,0
ON,ON Semiconductor Corporation,ON Semiconductor Corporation,stocks,9999,6,2025-09-03 15:00:00+00:00,A Look Into ON Semiconductor Inc's Price Over Earnings,https://www.benzinga.com/insights/news/25/09/47476294/a-look-into-on-semiconductor-incs-price-over-earnings,0
ORCL,Oracle Corporation,Oracle Corporation,stocks,9999,34,2025-09-04 07:00:00+00:00,Oracle Cuts Hundreds Of Jobs Despite Stock Near Record Highs: Report,https://www.benzinga.com/markets/equities/25/09/47491791/oracle-cuts-hundreds-of-jobs-despite-stock-near-record-highs-report,0
ORLY,"O'Reilly Automotive, Inc.","O'Reilly Automotive, Inc.",stocks,9999,1,2025-08-29 04:00:00+00:00,Price Over Earnings Overview: O'Reilly Automotive,https://www.benzinga.com/insights/news/25/08/47389552/price-over-earnings-overview-oreilly-automotive,0
OTIS,Otis Worldwide Corporation,Otis Worldwide Corporation,stocks,9999,2,2025-08-20 11:08:00+00:00,Otis Chosen By Singapore LTA For MRT Cross Is...,https://www.benzinga.com/news/25/08/47230302/otis-chosen-by-singapore-lta-for-mrt-cross-island-line-phase-1-and-punggol-extension-will-supply-336,0
OXY,Occidental Petroleum Corporatio,Occidental Petroleum Corporation,stocks,9999,4,2025-09-03 15:00:00+00:00,Shares of oil and gas companies are trading l...,https://www.benzinga.com/wiim/25/09/47475608/shares-of-oil-and-gas-companies-are-trading-lower-following-reports-suggesting-opec-is-considering-a,0
PANW,"Palo Alto Networks, Inc.","Palo Alto Networks, Inc.",stocks,9999,3,2025-09-04 04:00:00+00:00,"'We Started Becoming The Reddit Of Security Data,' Says CrowdStrike CEO George Kurtz After $290 Million Onum Buyout",https://www.benzinga.com/news/topics/25/09/47490321/we-started-becoming-the-reddit-of-security-data-says-crowdstrike-ceo-george-kurtz-after-290-million-onum-buyout,0
PARA,Paramount Global,Paramount Global,stocks,0,0,2025-06-11 21:20:00+00:00,"Airtime Denied: Trump B-Day, Military Parade Gets Streaming Treatment",https://www.benzinga.com/news/politics/25/06/45894541/trump-sports-president-military-birthday-parade,0
PAYC,"Paycom Software, Inc.","Paycom Software, Inc.",stocks,9999,2,2025-08-27 21:30:00+00:00,$100 Invested In This Stock 10 Years Ago Would Be Worth This Much Today,https://www.benzinga.com/insights/news/25/08/47373032/100-invested-in-this-stock-10-years-ago-would-be-worth-this-much-today,0
PAYX,"Paychex, Inc.","Paychex, Inc.",stocks,9999,1,2025-08-22 17:39:00+00:00,"Dayforce, Thoma Bravo Deal Has Some Analysts Wanting More",https://www.benzinga.com/m-a/25/08/47289772/dayforce-thoma-bravo-deal-has-some-analysts-vying-for-more,0
PCAR,PACCAR Inc.,PACCAR Inc,stocks,9999,1,2025-07-23 19:00:00+00:00,Beyond The Numbers: 7 Analysts Discuss PACCAR Stock,https://www.benzinga.com/insights/analyst-ratings/25/07/46584121/beyond-the-numbers-7-analysts-discuss-paccar-stock,0
PCG,Pacific Gas & Electric Co.,PG&E Corporation,stocks,9999,2,2025-09-04 08:00:00+00:00,"Trump Says US 'Easily Beating' China In AI Race—Credits His Tariffs, Energy Policies",https://www.benzinga.com/markets/tech/25/09/47491962/trump-says-us-easily-beating-china-in-ai-race-credits-his-tariffs-energy-policies,0
PEG,Public Service Enterprise Group,Public Service Enterprise Group Incorporated,stocks,9999,1,2025-08-19 21:02:00+00:00,A Look Into Public Service Enterprise Inc's Price Over Earnings,https://www.benzinga.com/insights/news/25/08/47222264/a-look-into-public-service-enterprise-incs-price-over-earnings,0
PEP,"Pepsico, Inc.","PepsiCo, Inc.",stocks,9999,3,2025-09-03 16:00:00+00:00,PepsiCo Unusual Options Activity For September 03,https://www.benzinga.com/insights/options/25/09/47478494/pepsico-unusual-options-activity-for-september-03,0
PFE,"Pfizer, Inc.",Pfizer Inc.,stocks,9999,11,2025-09-04 07:00:00+00:00,"Robert F. Kennedy Jr.'s Vaccine Shake-Up Sparks Coast-To-Coast Divide: West Coast Creates Health Alliance, Florida Rolls Back Requirements",https://www.benzinga.com/news/health-care/25/09/47491828/robert-f-kennedy-jr-s-vaccine-shake-up-sparks-coast-to-coast-divide-west-coast-creates-health-alliance-florida-rolls-back-requirements,0
PFG,Principal Financial Group Inc,"Principal Financial Group, Inc.",stocks,9999,1,2025-08-18 14:01:00+00:00,Expert Outlook: Principal Financial Group Through The Eyes Of 10 Analysts,https://www.benzinga.com/insights/analyst-ratings/25/08/47185786/expert-outlook-principal-financial-group-through-the-eyes-of-10-analysts,0
PG,Procter & Gamble Company (The),The Procter & Gamble Company,stocks,9999,1,2025-08-30 04:00:00+00:00,Procter & Gamble Unusual Options Activity,https://www.benzinga.com/insights/options/25/08/47422531/procter-gamble-unusual-options-activity,0
PGR,Progressive Corporation (The),The Progressive Corporation,stocks,9999,2,2025-09-02 04:00:00+00:00,A Look Into Progressive Inc's Price Over Earnings,https://www.benzinga.com/insights/news/25/09/47440047/a-look-into-progressive-incs-price-over-earnings,0
PH,Parker-Hannifin Corporation,Parker-Hannifin Corporation,stocks,9999,5,2025-08-30 04:00:00+00:00,"PDD Holdings Rockets, Analog Devices Strengthens, Fomento Económico Re-Rated, Parker Grows: Fundamental Shifts Signal New Market Momentum",https://www.benzinga.com/trading-ideas/movers/25/08/47426360/pdd-holdings-rockets-analog-devices-strengthens-fomento-economico-re-rated-parker-grows-fundamental-shifts-signal-new-market-momentum,0
PHM,"PulteGroup, Inc.","PulteGroup, Inc.",stocks,9999,2,2025-09-03 04:00:00+00:00,Wells Fargo Maintains Overweight on PulteGrou...,https://www.benzinga.com/news/25/09/47448510/wells-fargo-maintains-overweight-on-pultegroup-raises-price-target-to-150,0
PKG,Packaging Corporation of Americ,Packaging Corporation of America,stocks,9999,1,2025-08-24 12:31:00+00:00,"Zoom, Royal Caribbean Cruises, And Ubiquiti Are Among Top Large Cap Gainers Last Week (August 18-August 22): Are The Others In Your Portfolio?",https://www.benzinga.com/markets/large-cap/25/08/47299046/zoom-royal-caribbean-cruises-and-ubiquiti-are-among-top-large-cap-gainers-last-week-august-18-august-22-are-the-others-in-your-portfolio,0
PLTR,Palantir Technologies Inc.,Palantir Technologies Inc.,stocks,9999,27,2025-09-04 11:02:00+00:00,"Palantir, Lumen Technologies Collaborate To D...",https://www.benzinga.com/news/25/09/47494293/palantir-lumen-technologies-collaborate-to-deploy-foundry-and-aip-in-lumens-ai-driven-business-overh,0
PM,Philip Morris International Inc,Philip Morris International Inc.,stocks,9999,8,2025-09-03 04:00:00+00:00,"PMI Reaffirms 2025 Full-Year Forecast, Sees A...",https://www.benzinga.com/news/25/09/47447910/pmi-reaffirms-2025-full-year-forecast-sees-adjusted-eps-7-43-7-56-adj-eps-excluding-currency-7-33-7,0
PNC,"PNC Financial Services Group, I","The PNC Financial Services Group, Inc.",stocks,9999,3,2025-09-03 04:00:00+00:00,"Live On CNBC, Josh Brown Hosts Segment Titled...",https://www.benzinga.com/analyst-ratings/25/09/47454674/live-on-cnbc-josh-brown-hosts-segment-titled-sector-spotlight-financials,0
PNR,Pentair plc.,Pentair plc,stocks,9999,1,2025-08-18 13:07:00+00:00,Pentair's Hydra-Stop Purchase To Support Sustainable Water Flow In Growing Cities,https://www.benzinga.com/m-a/25/08/47184043/pentairs-hydra-stop-purchase-to-support-sustainable-water-flow-in-growing-cities,0
PNW,Pinnacle West Capital Corporati,Pinnacle West Capital Corporation,stocks,9999,3,2025-08-07 12:32:00+00:00,BMO Capital Maintains Market Perform on Pinna...,https://www.benzinga.com/news/25/08/46960031/bmo-capital-maintains-market-perform-on-pinnacle-west-capital-raises-price-target-to-98,0
PODD,Insulet Corporation,Insulet Corporation,stocks,9999,4,2025-09-03 14:00:00+00:00,$100 Invested In This Stock 15 Years Ago Would Be Worth This Much Today,https://www.benzinga.com/insights/news/25/09/47473940/100-invested-in-this-stock-15-years-ago-would-be-worth-this-much-today,0
POOL,Pool Corporation,Pool Corporation,stocks,9999,2,2025-08-17 15:31:00+00:00,"Warren Buffett Doubles Down On America's Housing Boom, Upping Berkshire's Holdings In Homebuilders And Building Supply Firms By Triple Digits",https://www.benzinga.com/real-estate/25/08/47174809/warren-buffett-doubles-down-on-americas-housing-boom-upping-berkshires-holdings-in-homebuilders-and-building-supply-firms-by-triple-digits,0
PPG,"PPG Industries, Inc.","PPG Industries, Inc.",stocks,9999,2,2025-08-27 16:00:00+00:00,Looking Into PPG Indus's Recent Short Interest,https://www.benzinga.com/insights/short-sellers/25/08/47363145/looking-into-ppg-induss-recent-short-interest,0
PPL,PPL Corporation,PPL Corporation,stocks,9999,1,2025-08-07 08:33:00+00:00,"Earnings Scheduled For August 7, 2025",https://www.benzinga.com/insights/earnings/25/08/46953977/earnings-scheduled-for-august-7-2025,0
PRU,"Prudential Financial, Inc.","Prudential Financial, Inc.",stocks,9999,1,2025-08-18 18:01:00+00:00,Where Prudential Financial Stands With Analysts,https://www.benzinga.com/insights/analyst-ratings/25/08/47193141/where-prudential-financial-stands-with-analysts,0
PSA,Public Storage,Public Storage,stocks,9999,1,2025-08-29 04:00:00+00:00,Scotiabank Maintains Sector Outperform on Pub...,https://www.benzinga.com/news/25/08/47392973/scotiabank-maintains-sector-outperform-on-public-storage-lowers-price-target-to-333,0
PSX,Phillips 66,Phillips 66,stocks,9999,11,2025-09-03 18:00:00+00:00,This Accenture Analyst Is No Longer Bullish; Here Are Top 5 Downgrades For Wednesday,https://www.benzinga.com/analyst-stock-ratings/downgrades/25/09/47481427/this-accenture-analyst-is-no-longer-bullish-here-are-top-5-downgrades-for-wednesday,0
PTC,PTC Inc.,PTC Inc.,stocks,9999,1,2025-08-29 04:00:00+00:00,Looking Into PTC's Recent Short Interest,https://www.benzinga.com/insights/short-sellers/25/08/47397182/looking-into-ptcs-recent-short-interest,0
PWR,"Quanta Services, Inc.","Quanta Services, Inc.",stocks,9999,5,2025-08-27 22:30:00+00:00,$100 Invested In This Stock 20 Years Ago Would Be Worth This Much Today,https://www.benzinga.com/insights/news/25/08/47373560/100-invested-in-this-stock-20-years-ago-would-be-worth-this-much-today,0
PYPL,"PayPal Holdings, Inc.","PayPal Holdings, Inc.",stocks,9999,7,2025-09-04 03:00:00+00:00,"Google Ordered To Pay $425 Million In Privacy Class Action, Company Says Data Was 'Nonpersonal' And Stored Securely",https://www.benzinga.com/markets/tech/25/09/47490088/google-ordered-to-pay-425-million-in-privacy-class-action-company-says-data-was-nonpersonal-and-stored-securely,0
QCOM,QUALCOMM Incorporated,QUALCOMM Incorporated,stocks,9999,12,2025-09-04 08:00:00+00:00,"Trump Says US 'Easily Beating' China In AI Race—Credits His Tariffs, Energy Policies",https://www.benzinga.com/markets/tech/25/09/47491962/trump-says-us-easily-beating-china-in-ai-race-credits-his-tariffs-energy-policies,0
QQQ,"Invesco QQQ Trust, Series 1",Invesco QQQ Trust,etf,9999,32,2025-09-04 11:04:00+00:00,Federal Reserve To Follow 'Slower Rate Cutting Cycle' Despite Trump's Pressure As Beige Book Dampens Sentiment: Don't Expect 50 Bps Cut Hints Shapiro,https://www.benzinga.com/markets/economic-data/25/09/47494307/federal-reserve-to-follow-slower-rate-cutting-cycle-despite-trumps-pressure-as-beige-book-dampens-sentiment-dont-expect-50-bps-cut-hints-shapiro,0
QRVO,"Qorvo, Inc.","Qorvo, Inc.",stocks,9999,1,2025-08-19 20:00:00+00:00,Price Over Earnings Overview: Qorvo,https://www.benzinga.com/insights/news/25/08/47220429/price-over-earnings-overview-qorvo,0
RCL,Royal Caribbean Cruises Ltd.,Royal Caribbean Cruises Ltd.,stocks,9999,2,2025-09-03 04:00:00+00:00,Beating The September Curse–These 10 Stocks Shine While The S&P 500 Stumbles,https://www.benzinga.com/markets/equities/25/09/47450579/september-seasonality-stocks-to-buy-sp500,0
REG,Regency Centers Corporation,Regency Centers Corporation,stocks,9999,3,2025-08-29 04:00:00+00:00,Scotiabank Maintains Sector Perform on Regenc...,https://www.benzinga.com/news/25/08/47393073/scotiabank-maintains-sector-perform-on-regency-centers-raises-price-target-to-76,0
REGN,"Regeneron Pharmaceuticals, Inc.","Regeneron Pharmaceuticals, Inc.",stocks,9999,6,2025-09-03 04:00:00+00:00,"Cisco, ServiceNow, Truist Financial And A Health Care Stock On CNBC's 'Final Trades'",https://www.benzinga.com/analyst-stock-ratings/analyst-color/25/09/47445798/cisco-servicenow-truist-financial-and-a-health-care-stock-on-cnbcs-final-trades,0
RF,Regions Financial Corporation,Regions Financial Corporation,stocks,9999,1,2025-08-22 17:35:00+00:00,10 Financials Stocks With Whale Alerts In Today's Session,https://www.benzinga.com/insights/options/25/08/47289653/10-financials-stocks-with-whale-alerts-in-todays-session,0
RHI,Robert Half Inc.,Robert Half Inc.,stocks,9999,2,2025-08-20 11:51:00+00:00,Wall Street's Most Accurate Analysts Spotlight On 3 Industrials Stocks With Over 6% Dividend Yields,https://www.benzinga.com/trading-ideas/dividends/25/08/47230978/wall-streets-most-accurate-analysts-spotlight-on-3-industrials-stocks-with-over-6-dividend-yields,0
RJF,"Raymond James Financial, Inc.","Raymond James Financial, Inc.",stocks,9999,4,2025-08-26 23:15:00+00:00,$1000 Invested In Raymond James Finl 10 Years Ago Would Be Worth This Much Today,https://www.benzinga.com/insights/news/25/08/47347888/1000-invested-in-raymond-james-finl-10-years-ago-would-be-worth-this-much-today,0
RKLB,"Rocket Lab USA, Inc.","Rocket Lab USA, Inc.",stocks,9999,15,2025-09-04 02:00:00+00:00,"Salesforce, Rocket Lab, American Eagle, Gitlab And Figma: Why These 5 Stocks Are On Investors' Radars Today",https://www.benzinga.com/news/25/09/47489797/salesforce-rocket-lab-american-eagle-gitlab-and-figma-why-these-5-stocks-are-on-investors-radars-today,0
RL,Ralph Lauren Corporation,Ralph Lauren Corporation,stocks,9999,4,2025-09-03 04:00:00+00:00,"VIX Jumps 20% As Stocks Slump, Gold Tops Record Highs: What's Moving Markets Tuesday?",https://www.benzinga.com/markets/equities/25/09/47455549/market-today-wallstreet-tuesday-gold-vix-nvidia-bitcoin-performance,0
RMD,ResMed Inc.,ResMed Inc.,stocks,9999,1,2025-08-01 19:03:00+00:00,The Analyst Verdict: ResMed In The Eyes Of 8 Experts,https://www.benzinga.com/insights/analyst-ratings/25/08/46807369/the-analyst-verdict-resmed-in-the-eyes-of-8-experts,0
ROK,"Rockwell Automation, Inc.","Rockwell Automation, Inc.",stocks,9999,1,2025-08-14 18:01:00+00:00,Cisco To Rally Around 21%? Here Are 10 Top Analyst Forecasts For Thursday,https://www.benzinga.com/analyst-stock-ratings/price-target/25/08/47133796/cisco-to-rally-around-21-here-are-10-top-analyst-forecasts-for-thursday,0
ROL,"Rollins, Inc.","Rollins, Inc.",stocks,9999,1,2025-08-22 22:00:00+00:00,P/E Ratio Insights for Rollins,https://www.benzinga.com/insights/news/25/08/47295429/pe-ratio-insights-for-rollins,0
ROP,"Roper Technologies, Inc.","Roper Technologies, Inc.",stocks,9999,1,2025-09-03 04:00:00+00:00,$100 Invested In This Stock 15 Years Ago Would Be Worth This Much Today,https://www.benzinga.com/insights/news/25/09/47462784/100-invested-in-this-stock-15-years-ago-would-be-worth-this-much-today,0
ROST,"Ross Stores, Inc.","Ross Stores, Inc.",stocks,9999,3,2025-09-03 04:00:00+00:00,Ross Stores Appoints William Sheehan As CFO E...,https://www.benzinga.com/news/25/09/47461366/ross-stores-appoints-william-sheehan-as-cfo-effective-october-1-2025,0
RSG,"Republic Services, Inc.","Republic Services, Inc.",stocks,9999,1,2025-09-03 04:00:00+00:00,SMX And A*STAR Plan Molecular Tagging System To Transform Singapore's Plastic Waste,https://www.benzinga.com/trading-ideas/movers/25/09/47445428/smx-and-astar-launch-molecular-tagging-system-to-transform-singapores-plastic-waste,0
RTX,RTX Corporation,RTX Corporation,stocks,9999,3,2025-09-03 04:00:00+00:00,Peering Into RTX's Recent Short Interest,https://www.benzinga.com/insights/short-sellers/25/09/47459801/peering-into-rtxs-recent-short-interest,0
RVTY,"Revvity, Inc.","Revvity, Inc.",stocks,9999,2,2025-09-03 18:00:00+00:00,"Alphabet, Apple Fuel Tech Rebound, Gold Defies Gravity: What's Moving Markets Wednesday?",https://www.benzinga.com/markets/market-summary/25/09/47482210/alphabet-apple-fuel-tech-rebound-gold-defies-gravity-whats-moving-markets-wednesday,0
SBAC,SBA Communications Corporation,SBA Communications Corporation,stocks,9999,2,2025-08-27 16:39:00+00:00,SBA Communications shares are trading lower a...,https://www.benzinga.com/wiim/25/08/47364422/sba-communications-shares-are-trading-lower-after-bofa-securities-downgraded-the-stock-from-buy-to-n,0
SBUX,Starbucks Corporation,Starbucks Corporation,stocks,9999,4,2025-09-03 19:00:00+00:00,Behind the Scenes of Starbucks's Latest Options Trends,https://www.benzinga.com/insights/options/25/09/47483342/behind-the-scenes-of-starbuckss-latest-options-trends,0
SCHW,Charles Schwab Corporation (The,The Charles Schwab Corporation,stocks,9999,6,2025-08-31 04:00:00+00:00,"Sold A Dream, Stuck With A Nightmare: How A Whole Life Insurance Policy Became A Financial Trap",https://www.benzinga.com/personal-finance/management/25/08/47431154/sold-a-dream-stuck-with-a-nightmare-how-a-whole-life-insurance-policy-became-a-financial-trap,0
SHW,Sherwin-Williams Company (The),The Sherwin-Williams Company,stocks,9999,3,2025-08-26 13:23:00+00:00,Evercore ISI Group Maintains Outperform on Sh...,https://www.benzinga.com/news/25/08/47331273/evercore-isi-group-maintains-outperform-on-sherwin-williams-raises-price-target-to-400,0
SLB,Schlumberger N.V.,Schlumberger Limited,stocks,9999,3,2025-09-03 14:00:00+00:00,SLB's Methane LiDAR Camera Receives EPA Appro...,https://www.benzinga.com/news/25/09/47474680/slbs-methane-lidar-camera-receives-epa-approval-for-enhanced-methane-leak-detection,0
SNA,Snap-On Incorporated,Snap-on Incorporated,stocks,9999,1,2025-08-30 04:00:00+00:00,Expert Outlook: Snap-on Through The Eyes Of 6 Analysts,https://www.benzinga.com/insights/analyst-ratings/25/08/47422498/expert-outlook-snap-on-through-the-eyes-of-6-analysts,0
SNPS,"Synopsys, Inc.","Synopsys, Inc.",stocks,9999,15,2025-09-03 14:00:00+00:00,Synopsys Expands GenAI-Powered Synopsys.ai Co...,https://www.benzinga.com/news/25/09/47472377/synopsys-expands-genai-powered-synopsys-ai-copilot-to-slash-semiconductor-design-workflows-from-days,0
SO,Southern Company (The),The Southern Company,stocks,9999,2,2025-09-03 04:00:00+00:00,"Marjorie Taylor Greene Hits Homerun Again, Buys Alphabet Stock 5 Days Before Favorable Antitrust Ruling: Here Are Some Other New Trades",https://www.benzinga.com/markets/equities/25/09/47465884/marjorie-taylor-greene-hits-homerun-again-buys-alphabet-stock-5-days-before-favorable-antitrust-ruling-here-are-some-other-new-trades,0
SPG,"Simon Property Group, Inc.","Simon Property Group, Inc.",stocks,9999,3,2025-09-03 21:00:00+00:00,Here's How Much You Would Have Made Owning Simon Property Group Stock In The Last 5 Years,https://www.benzinga.com/insights/news/25/09/47486037/heres-how-much-you-would-have-made-owning-simon-property-group-stock-in-the-last-5-years,0
SPGI,S&P Global Inc.,S&P Global Inc.,stocks,9999,1,2025-08-29 04:00:00+00:00,10 Financials Stocks With Whale Alerts In Today's Session,https://www.benzinga.com/insights/options/25/08/47394947/10-financials-stocks-with-whale-alerts-in-todays-session,0
SPOT,Spotify Technology S.A.,Spotify Technology S.A.,stocks,9999,5,2025-09-03 20:00:00+00:00,Where Spotify Technology Stands With Analysts,https://www.benzinga.com/insights/analyst-ratings/25/09/47484689/where-spotify-technology-stands-with-analysts,0
SPY,SPDR S&P 500,SPDR S&P 500 ETF Trust,etf,9999,146,2025-09-04 11:05:00+00:00,Federal Reserve To Follow 'Slower Rate Cutting Cycle' Despite Trump's Pressure As Beige Book Dampens Sentiment: Don't Expect 50 Bps Cut Hints Shapiro,https://www.benzinga.com/markets/economic-data/25/09/47494307/federal-reserve-to-follow-slower-rate-cutting-cycle-despite-trumps-pressure-as-beige-book-dampens-sentiment-dont-expect-50-bps-cut-hints-shapiro,0
SQQQ,ProShares UltraPro Short QQQ,ProShares UltraPro Short QQQ,etf,9999,1,2025-08-01 19:33:00+00:00,ProShares UltraPro Short QQQ (SQQQ) Is Surging Friday: What's Driving The Action?,https://www.benzinga.com/trading-ideas/movers/25/08/46808293/proshares-ultrapro-short-qqq-sqqq-is-surging-friday-whats-driving-the-action,0
SRE,DBA Sempra,Sempra,stocks,9999,1,2025-08-27 12:09:00+00:00,Sempra Infrastructure And EQT Announce 20-Yea...,https://www.benzinga.com/news/25/08/47354843/sempra-infrastructure-and-eqt-announce-20-year-lng-supply-agreement-for-the-supply-of-2m-tonnes-per,0
STE,STERIS plc (Ireland),STERIS plc,stocks,9999,1,2025-08-13 15:03:00+00:00,Major Exercise Alert: Karen Burton Exercises Options Worth $1.02M At Steris,https://www.benzinga.com/insights/news/25/08/47094409/major-exercise-alert-karen-burton-exercises-options-worth-1-02m-at-steris,0
STLD,"Steel Dynamics, Inc.","Steel Dynamics, Inc.",stocks,9999,1,2025-08-19 12:02:00+00:00,Steel Dynamics Will Acquire Remaining 55% Equ...,https://www.benzinga.com/m-a/25/08/47205669/steel-dynamics-will-acquire-remaining-55-equity-interest-in-new-process-steel,0
STT,State Street Corporation,State Street Corporation,stocks,9999,4,2025-08-29 04:00:00+00:00,Recent Report Shows That Rep. Jake Auchincloss Sold Up to $50K Worth of State Street Stock,https://www.benzinga.com/insights/government/25/08/47389532/recent-report-shows-that-rep-jake-auchincloss-sold-up-to-50k-worth-of-state-street-stock,0
STX,Seagate Technology Holdings PLC,Seagate Technology Holdings plc,stocks,9999,4,2025-08-29 04:00:00+00:00,Barclays Maintains Equal-Weight on Seagate Te...,https://www.benzinga.com/news/25/08/47387896/barclays-maintains-equal-weight-on-seagate-technology-hldgs-raises-price-target-to-180,0
STZ,"Constellation Brands, Inc.","Constellation Brands, Inc.",stocks,9999,10,2025-09-04 10:00:00+00:00,TD Cowen Maintains Hold on Constellation Bran...,https://www.benzinga.com/news/25/09/47493014/td-cowen-maintains-hold-on-constellation-brands-lowers-price-target-to-152,0
SWK,"Stanley Black & Decker, Inc.","Stanley Black & Decker, Inc.",stocks,9999,1,2025-07-30 20:00:00+00:00,Deep Dive Into Stanley Black & Decker Stock: Analyst Perspectives (7 Ratings),https://www.benzinga.com/insights/analyst-ratings/25/07/46736949/deep-dive-into-stanley-black-decker-stock-analyst-perspectives-7-ratings,0
SWKS,"Skyworks Solutions, Inc.","Skyworks Solutions, Inc.",stocks,9999,3,2025-08-25 20:02:00+00:00,Skyworks Solutions Appoints Philip Carter As ...,https://www.benzinga.com/news/25/08/47318887/skyworks-solutions-appoints-philip-carter-as-cfo-effective-september-8-2025,0
SYF,Synchrony Financial,Synchrony Financial,stocks,9999,1,2025-08-30 04:00:00+00:00,"CrowdStrike, KKR, Synchrony Financial And An Energy Stock On CNBC's 'Final Trades'",https://www.benzinga.com/trading-ideas/long-ideas/25/08/47410424/crowdstrike-kkr-synchrony-financial-and-an-energy-stock-on-cnbcs-final-trades,0
SYK,Stryker Corporation,Stryker Corporation,stocks,9999,2,2025-08-21 15:00:00+00:00,Congressional Trading Report: Rep. Thomas Kean Sold Over $31K In Johnson & Johnson Stock,https://www.benzinga.com/insights/government/25/08/47261595/congressional-trading-report-rep-thomas-kean-sold-over-31k-in-johnson-johnson-stock,0
SYY,Sysco Corporation,Sysco Corporation,stocks,9999,1,2025-08-07 21:19:00+00:00,Minnesota Teamsters Ratify New Contract At Sy...,https://www.benzinga.com/news/25/08/46983901/minnesota-teamsters-ratify-new-contract-at-sysco,0
T,AT&T Inc.,AT&T Inc.,stocks,9999,12,2025-09-03 04:00:00+00:00,AT&T Stock: A Deep Dive Into Analyst Perspectives (8 Ratings),https://www.benzinga.com/insights/analyst-ratings/25/09/47463131/at-t-stock-a-deep-dive-into-analyst-perspectives-8-ratings,0
TAP,Molson Coors Beverage Company,Molson Coors Beverage Company,stocks,9999,2,2025-09-03 04:00:00+00:00,Shares of alcohol-related companies are tradi...,https://www.benzinga.com/wiim/25/09/47459346/shares-of-alcohol-related-companies-are-trading-lower-amid-sympathy-with-constellation-brands-after,0
TDG,Transdigm Group Incorporated,TransDigm Group Incorporated,stocks,9999,2,2025-09-03 04:00:00+00:00,"VIX Jumps 20% As Stocks Slump, Gold Tops Record Highs: What's Moving Markets Tuesday?",https://www.benzinga.com/markets/equities/25/09/47455549/market-today-wallstreet-tuesday-gold-vix-nvidia-bitcoin-performance,0
TDY,Teledyne Technologies Incorpora,Teledyne Technologies Incorporated,stocks,9999,2,2025-09-03 04:00:00+00:00,Peering Into Teledyne Technologies's Recent Short Interest,https://www.benzinga.com/insights/short-sellers/25/09/47458369/peering-into-teledyne-technologiess-recent-short-interest,0
TECH,Bio-Techne Corp,Bio-Techne Corporation,stocks,9999,3,2025-09-03 19:00:00+00:00,Bio-Techne Stock Upgraded As Analyst Flags Attractive Entry Point,https://www.benzinga.com/analyst-stock-ratings/upgrades/25/09/47483025/bio-techne-stock-upgraded-as-analyst-flags-attractive-entry-point,0
TEL,TE Connectivity Ltd. New Switze,TE Connectivity Ltd.,stocks,9999,2,2025-08-12 18:01:00+00:00,Demystifying TE Connectivity: Insights From 13 Analyst Reviews,https://www.benzinga.com/insights/analyst-ratings/25/08/47069638/demystifying-te-connectivity-insights-from-13-analyst-reviews,0
TER,"Teradyne, Inc.","Teradyne, Inc.",stocks,9999,1,2025-08-22 17:15:00+00:00,"Dow Hits Record Highs, Small Caps Soar On Powell's Shift: What's Moving Markets Friday?",https://www.benzinga.com/markets/market-summary/25/08/47289236/markets-today-friday-wall-street-small-caps-powell-interest-rates-jackson-hole,0
TFC,Truist Financial Corporation,Truist Financial Corporation,stocks,9999,2,2025-09-03 04:00:00+00:00,"Live On CNBC, Josh Brown Hosts Segment Titled...",https://www.benzinga.com/analyst-ratings/25/09/47454674/live-on-cnbc-josh-brown-hosts-segment-titled-sector-spotlight-financials,0
TFX,Teleflex Incorporated,Teleflex Incorporated,stocks,9999,1,2025-08-08 15:02:00+00:00,Teleflex Director Trades $115K In Company Stock,https://www.benzinga.com/insights/news/25/08/47002236/teleflex-director-trades-115k-in-company-stock,0
TGT,Target Corporation,Target Corporation,stocks,9999,4,2025-09-01 04:00:00+00:00,Are Markets Open On Labor Day? Here's What's Open And What's Closed On September 1,https://www.benzinga.com/markets/market-summary/25/09/47434649/are-markets-open-on-labor-day-heres-whats-open-and-whats-closed-on-september-1,0
TJX,"TJX Companies, Inc. (The)","The TJX Companies, Inc.",stocks,9999,2,2025-09-03 04:00:00+00:00,3 Bargain Retail Stocks To Play Right Through The Holidays,https://www.benzinga.com/news/25/09/47456570/3-bargain-retail-stocks-to-play-right-through-the-holidays,0
TLT,iShares 20+ Year Treasury Bond ,iShares 20+ Year Treasury Bond ETF,etf,9999,2,2025-08-30 04:00:00+00:00,September Selloff Ahead? The ETFs Traders Won't Admit They're Watching,https://www.benzinga.com/etfs/broad-u-s-equity-etfs/25/08/47426739/september-selloff-ahead-the-etfs-traders-wont-admit-theyre-watching,0
TM,Toyota Motor Corporation,Toyota Motor Corporation,stocks,9999,7,2025-09-03 04:00:00+00:00,The 'Ninja Rally' Is Real—And It's Stealing Wall Street's Swagger,https://www.benzinga.com/etfs/broad-u-s-equity-etfs/25/09/47458017/the-ninja-rally-is-real-and-its-stealing-wall-streets-swagger,0
TMO,Thermo Fisher Scientific Inc,Thermo Fisher Scientific Inc.,stocks,9999,3,2025-09-03 19:00:00+00:00,Bio-Techne Stock Upgraded As Analyst Flags Attractive Entry Point,https://www.benzinga.com/analyst-stock-ratings/upgrades/25/09/47483025/bio-techne-stock-upgraded-as-analyst-flags-attractive-entry-point,0
TMUS,"T-Mobile US, Inc.","T-Mobile US, Inc.",stocks,9999,10,2025-09-03 23:00:00+00:00,"MrBeast's Mobile Phone Ambition Could Rival Reynolds, Trump Family Ventures",https://www.benzinga.com/markets/tech/25/09/47488515/mrbeasts-mobile-phone-ambition-could-rival-reynolds-trump-family-ventures,0
TPR,"Tapestry, Inc.","Tapestry, Inc.",stocks,9999,3,2025-09-03 23:00:00+00:00,$1000 Invested In This Stock 5 Years Ago Would Be Worth This Much Today,https://www.benzinga.com/insights/news/25/09/47488513/1000-invested-in-this-stock-5-years-ago-would-be-worth-this-much-today,0
TQQQ,ProShares UltraPro QQQ,ProShares UltraPro QQQ,etf,9999,1,2025-08-07 14:07:00+00:00,ProShares Introduces Leveraged ETF Targeting Circle's 2x Daily Stock Returns,https://www.benzinga.com/crypto/cryptocurrency/25/08/46964483/proshares-introduces-leveraged-etf-targeting-circles-2x-daily-stock-returns,0
TRGP,"Targa Resources, Inc.",Targa Resources Corp.,stocks,9999,4,2025-09-03 15:00:00+00:00,Shares of oil and gas companies are trading l...,https://www.benzinga.com/wiim/25/09/47475608/shares-of-oil-and-gas-companies-are-trading-lower-following-reports-suggesting-opec-is-considering-a,0
TRMB,Trimble Inc.,Trimble Inc.,stocks,9999,2,2025-08-27 10:32:00+00:00,Trimble Rolls Out AI-Powered Freight Marketpl...,https://www.benzinga.com/news/25/08/47353115/trimble-rolls-out-ai-powered-freight-marketplace-in-north-america-procter-gamble-named-first-shipper,0
TROW,"T. Rowe Price Group, Inc.","T. Rowe Price Group, Inc.",stocks,9999,9,2025-08-22 15:51:00+00:00,Shares of banking and broader financial servi...,https://www.benzinga.com/wiim/25/08/47286488/shares-of-banking-and-broader-financial-services-stocks-are-trading-higher-amid-overall-market-stren,0
TRV,"The Travelers Companies, Inc.","The Travelers Companies, Inc.",stocks,9999,4,2025-09-03 15:00:00+00:00,How Do Investors Really Feel About Travelers Companies?,https://www.benzinga.com/insights/short-sellers/25/09/47476288/how-do-investors-really-feel-about-travelers-companies,0
TSCO,Tractor Supply Company,Tractor Supply Company,stocks,9999,1,2025-07-25 18:54:00+00:00,"DA Davidson Maintains Buy on Tractor Supply, ...",https://www.benzinga.com/news/25/07/46641980/da-davidson-maintains-buy-on-tractor-supply-raises-price-target-to-70,0
TSLA,"Tesla, Inc.",Elon Musk,stocks,9999,69,2025-09-04 10:44:00+00:00,Trump Calls Elon Musk '80% Super Genius' And '20% Problems' Amid White House Rose Garden Event Snub: 'I Like Him Now But…',https://www.benzinga.com/news/politics/25/09/47493887/trump-calls-elon-musk-80-super-genius-and-20-problems-amid-white-house-rose-garden-event-snub-i-like-him-now-but,0
TSM,Taiwan Semiconductor Manufactur,Taiwan Semiconductor Manufacturing Company Limited,stocks,9999,13,2025-09-04 10:59:00+00:00,Chinese Regulators Question Nvidia Orders But Alibaba And ByteDance Keep Buying,https://www.benzinga.com/markets/tech/25/09/47494174/chinese-regulators-question-nvidia-orders-but-alibaba-and-bytedance-keep-buying,0
TSN,"Tyson Foods, Inc.","Tyson Foods, Inc.",stocks,9999,1,2025-08-20 12:16:00+00:00,"JP Morgan Assumes Tyson Foods at Neutral, Ann...",https://www.benzinga.com/news/25/08/47231735/jp-morgan-assumes-tyson-foods-at-neutral-announces-price-target-of-60,0
TT,Trane Technologies plc,Trane Technologies plc,stocks,9999,1,2025-09-03 04:00:00+00:00,Shares of companies within the broader indust...,https://www.benzinga.com/wiim/25/09/47459147/shares-of-companies-within-the-broader-industrial-sector-are-trading-lower-amid-ongoing-market-uncer,0
TTWO,"Take-Two Interactive Software, ","Take-Two Interactive Software, Inc.",stocks,9999,2,2025-08-22 16:30:00+00:00,Here's How Much $100 Invested In Take-Two Interactive 20 Years Ago Would Be Worth Today,https://www.benzinga.com/insights/news/25/08/47287864/heres-how-much-100-invested-in-take-two-interactive-20-years-ago-would-be-worth-today,0
TXN,Texas Instruments Incorporated,Texas Instruments Incorporated,stocks,9999,8,2025-08-29 04:00:00+00:00,10 Information Technology Stocks Whale Activity In Today's Session,https://www.benzinga.com/insights/options/25/08/47394941/10-information-technology-stocks-whale-activity-in-todays-session,0
TXT,Textron Inc.,Textron Inc.,stocks,9999,2,2025-08-13 13:00:00+00:00,How Is The Market Feeling About Textron?,https://www.benzinga.com/insights/short-sellers/25/08/47088809/how-is-the-market-feeling-about-textron,0
TYL,"Tyler Technologies, Inc.","Tyler Technologies, Inc.",stocks,9999,2,2025-08-27 14:45:00+00:00,"If You Invested $1000 In This Stock 20 Years Ago, You Would Have This Much Today",https://www.benzinga.com/insights/news/25/08/47360363/if-you-invested-1000-in-this-stock-20-years-ago-you-would-have-this-much-today,0
UAL,"United Airlines Holdings, Inc.","United Airlines Holdings, Inc.",stocks,9999,6,2025-09-03 16:00:00+00:00,Cathie Wood's ARK Bets Big On Archer Aviation As Air Taxis Near Reality,https://www.benzinga.com/etfs/specialty-etfs/25/09/47478985/cathie-woods-ark-bets-big-on-archer-aviation-as-air-taxis-near-reality,0
UBER,"Uber Technologies, Inc.","Uber Technologies, Inc.",stocks,9999,24,2025-09-04 10:00:00+00:00,"Google Services Crash: Gmail, YouTube, Maps Reportedly Experience Major Outages Across Eastern Europe, US Cities",https://www.benzinga.com/markets/equities/25/09/47493557/google-services-crash-gmail-youtube-maps-reportedly-experience-major-outages-across-eastern-europe-us-cities,0
UDR,"UDR, Inc.","UDR, Inc.",stocks,9999,1,2025-09-03 04:00:00+00:00,UDR President Joe Fisher Steps Down; Chairman...,https://www.benzinga.com/news/25/09/47460886/udr-president-joe-fisher-steps-down-chairman-and-ceo-tom-toomey-appointed-president,0
UHS,"Universal Health Services, Inc.","Universal Health Services, Inc.",stocks,9999,1,2025-08-26 13:24:00+00:00,Cantor Fitzgerald Reiterates Neutral on Unive...,https://www.benzinga.com/news/25/08/47331305/cantor-fitzgerald-reiterates-neutral-on-universal-health-services-maintains-227-price-target,0
ULTA,"Ulta Beauty, Inc.","Ulta Beauty, Inc.",stocks,9999,4,2025-09-03 04:00:00+00:00,Ulta Beauty shares are trading higher after B...,https://www.benzinga.com/wiim/25/09/47458657/ulta-beauty-shares-are-trading-higher-after-barclays-maintained-an-overweight-rating-and-raised-the,0
UNH,UnitedHealth Group Incorporated,UnitedHealth Group Incorporated,stocks,9999,18,2025-09-03 14:00:00+00:00,Spotlight on UnitedHealth Group: Analyzing the Surge in Options Activity,https://www.benzinga.com/insights/options/25/09/47474106/spotlight-on-unitedhealth-group-analyzing-the-surge-in-options-activity,0
UNP,Union Pacific Corporation,Union Pacific Corporation,stocks,9999,2,2025-08-27 16:00:00+00:00,Here's How Much You Would Have Made Owning Union Pacific Stock In The Last 20 Years,https://www.benzinga.com/insights/news/25/08/47363125/heres-how-much-you-would-have-made-owning-union-pacific-stock-in-the-last-20-years,0
UPS,"United Parcel Service, Inc.","United Parcel Service, Inc.",stocks,9999,5,2025-09-03 18:00:00+00:00,What the Options Market Tells Us About United Parcel Service,https://www.benzinga.com/insights/options/25/09/47481943/what-the-options-market-tells-us-about-united-parcel-service,0
URI,"United Rentals, Inc.","United Rentals, Inc.",stocks,9999,2,2025-09-03 16:00:00+00:00,$1000 Invested In This Stock 15 Years Ago Would Be Worth This Much Today,https://www.benzinga.com/insights/news/25/09/47477990/1000-invested-in-this-stock-15-years-ago-would-be-worth-this-much-today,0
USB,U.S. Bancorp,U.S. Bancorp,stocks,9999,3,2025-09-04 10:00:00+00:00,US Bank Unveils All-In-One Bill Pay Platform ...,https://www.benzinga.com/news/25/09/47493267/us-bank-unveils-all-in-one-bill-pay-platform-to-help-small-businesses-manage-cash-flow,0
V,Visa Inc.,Visa Inc.,stocks,9999,3,2025-09-03 16:00:00+00:00,Federal Reserve To Host October Conference On Convergence Of Traditional And Decentralized Finance,https://www.benzinga.com/crypto/cryptocurrency/25/09/47479367/federal-reserve-to-host-october-conference-on-convergence-of-traditional-and-decentralized-finance,0
VFC,V.F. Corporation,V.F. Corporation,stocks,9999,3,2025-09-03 16:00:00+00:00,What's Driving the Market Sentiment Around VF?,https://www.benzinga.com/insights/short-sellers/25/09/47478471/whats-driving-the-market-sentiment-around-vf,0
VICI,VICI Properties Inc.,VICI Properties Inc.,stocks,9999,2,2025-08-29 04:00:00+00:00,Assessing VICI Properties: Insights From 4 Financial Analysts,https://www.benzinga.com/insights/analyst-ratings/25/08/47395781/assessing-vici-properties-insights-from-4-financial-analysts,0
VIXM,ProShares Trust VIX Mid-Term Fu,ProShares VIX Mid-Term Futures ETF,etf,0,0,1990-01-01,,,0
VIXY,ProShares Trust VIX Short-Term ,ProShares VIX Short-Term Futures ETF,etf,9999,1,2025-08-30 04:00:00+00:00,September Selloff Ahead? The ETFs Traders Won't Admit They're Watching,https://www.benzinga.com/etfs/broad-u-s-equity-etfs/25/08/47426739/september-selloff-ahead-the-etfs-traders-wont-admit-theyre-watching,0
VLO,Valero Energy Corporation,Valero Energy Corporation,stocks,9999,5,2025-09-03 16:00:00+00:00,B of A Securities Upgrades Valero Energy to B...,https://www.benzinga.com/news/25/09/47477607/b-of-a-securities-upgrades-valero-energy-to-buy-raises-price-target-to-179,0
VMC,Vulcan Materials Company (Holdi,Vulcan Materials Company,stocks,9999,2,2025-08-26 19:01:00+00:00,Breaking Down Vulcan Materials: 6 Analysts Share Their Views,https://www.benzinga.com/insights/analyst-ratings/25/08/47342786/breaking-down-vulcan-materials-6-analysts-share-their-views,0
VRSK,"Verisk Analytics, Inc.","Verisk Analytics, Inc.",stocks,9999,3,2025-09-03 21:00:00+00:00,A Glimpse Into The Expert Outlook On Verisk Analytics Through 4 Analysts,https://www.benzinga.com/insights/analyst-ratings/25/09/47487140/a-glimpse-into-the-expert-outlook-on-verisk-analytics-through-4-analysts,0
VRTX,Vertex Pharmaceuticals Incorpor,Vertex Pharmaceuticals Incorporated,stocks,9999,3,2025-09-03 19:00:00+00:00,Demystifying Vertex Pharmaceuticals: Insights From 16 Analyst Reviews,https://www.benzinga.com/insights/analyst-ratings/25/09/47483292/demystifying-vertex-pharmaceuticals-insights-from-16-analyst-reviews,0
VST,Vistra Corp.,Vistra Corp.,stocks,9999,3,2025-09-03 15:00:00+00:00,Vistra Options Trading: A Deep Dive into Market Sentiment,https://www.benzinga.com/insights/options/25/09/47476380/vistra-options-trading-a-deep-dive-into-market-sentiment,0
VTRS,Viatris Inc.,Viatris Inc.,stocks,9999,2,2025-08-26 17:02:00+00:00,"S&P 500 Losers: 22 Stocks With Negative Returns Over Past 10 Years, And This One's Getting The Boot",https://www.benzinga.com/trading-ideas/long-ideas/25/08/47339739/sp-500-losers-22-stocks-negative-returns-10-years-getting-kicked-out,0
VZ,Verizon Communications Inc.,Verizon Communications Inc.,stocks,9999,6,2025-09-03 04:00:00+00:00,Beyond The Numbers: 8 Analysts Discuss Verizon Communications Stock,https://www.benzinga.com/insights/analyst-ratings/25/09/47446018/beyond-the-numbers-8-analysts-discuss-verizon-communications-stock,0
WAB,Westinghouse Air Brake Technolo,Westinghouse Air Brake Technologies Corporation,stocks,9999,1,2025-08-14 21:01:00+00:00,Where Westinghouse Air Brake Stands With Analysts,https://www.benzinga.com/insights/analyst-ratings/25/08/47141418/where-westinghouse-air-brake-stands-with-analysts,0
WAT,Waters Corporation,Waters Corporation,stocks,9999,1,2025-08-05 19:01:00+00:00,Expert Outlook: Waters Through The Eyes Of 6 Analysts,https://www.benzinga.com/insights/analyst-ratings/25/08/46869022/expert-outlook-waters-through-the-eyes-of-6-analysts,0
WBA,"Walgreens Boots Alliance, Inc.","Walgreens Boots Alliance, Inc.",stocks,0,0,2025-08-29 04:00:00+00:00,Walgreens Becomes Private Standalone Company ...,https://www.benzinga.com/news/25/08/47383594/walgreens-becomes-private-standalone-company-following-sycamore-acquisition-pessina-family-reinvests,0
WBD,"Warner Bros. Discovery, Inc. - ","Warner Bros. Discovery, Inc.",stocks,9999,8,2025-09-03 23:00:00+00:00,Microsoft (MSFT) Scored With Minecraft Movie: Is Call Of Duty The Next Box Office Hit?,https://www.benzinga.com/news/entertainment/25/09/47488684/microsoft-msft-scored-with-minecraft-movie-is-call-of-duty-the-next-box-office-hit,0
WDC,Western Digital Corporation,Western Digital Corporation,stocks,9999,6,2025-09-03 22:00:00+00:00,Breaking Down Western Digital: 18 Analysts Share Their Views,https://www.benzinga.com/insights/analyst-ratings/25/09/47488161/breaking-down-western-digital-18-analysts-share-their-views,0
WEC,"WEC Energy Group, Inc.","WEC Energy Group, Inc.",stocks,9999,1,2025-08-12 15:04:00+00:00,Insider Decision: ULICE PAYNE JR Offloads $179K Worth Of WEC Energy Group Stock,https://www.benzinga.com/insights/news/25/08/47063267/insider-decision-ulice-payne-jr-offloads-179k-worth-of-wec-energy-group-stock,0
WFC,Wells Fargo & Company,Wells Fargo & Company,stocks,9999,6,2025-09-03 04:00:00+00:00,"Elizabeth Warren, Bernie Sanders Question JPMorgan Chase, Wells Fargo, Other Banks On Exorbitant Overdraft Fees: Report",https://www.benzinga.com/markets/economic-data/25/09/47467171/elizabeth-warren-bernie-sanders-question-jpmorgan-chase-wells-fargo-other-banks-on-exorbitant-overdraft-fess-report,0
WHR,Whirlpool Corporation,Whirlpool Corporation,stocks,9999,1,2025-08-15 19:59:00+00:00,"David Tepper's Hedge Fund Bets On Intel, UnitedHealth; Cuts Position In Four Mag 7 Stocks",https://www.benzinga.com/trading-ideas/long-ideas/25/08/47167369/david-teppers-hedge-fund-bets-on-intel-unitedhealth-cuts-position-in-four-mag-7-stocks,0
WM,"Waste Management, Inc.","Waste Management, Inc.",stocks,9999,3,2025-09-03 18:00:00+00:00,10 Industrials Stocks With Whale Alerts In Today's Session,https://www.benzinga.com/insights/options/25/09/47481352/10-industrials-stocks-with-whale-alerts-in-todays-session,0
WMB,"Williams Companies, Inc. (The)","The Williams Companies, Inc.",stocks,9999,2,2025-09-03 23:00:00+00:00,$1000 Invested In Williams Companies 5 Years Ago Would Be Worth This Much Today,https://www.benzinga.com/insights/news/25/09/47488694/1000-invested-in-williams-companies-5-years-ago-would-be-worth-this-much-today,0
WMT,Walmart Inc.,Walmart Inc.,stocks,9999,13,2025-09-03 19:00:00+00:00,Walmart's AI Super Agents Are The Threat Amazon Didn't Price In,https://www.benzinga.com/markets/tech/25/09/47483084/walmarts-ai-super-agents-are-the-threat-amazon-didnt-price-in,0
WRB,W.R. Berkley Corporation,W. R. Berkley Corporation,stocks,9999,2,2025-08-19 14:00:00+00:00,Is WR Berkley Gaining or Losing Market Support?,https://www.benzinga.com/insights/short-sellers/25/08/47209184/is-wr-berkley-gaining-or-losing-market-support,0
WTW,Willis Towers Watson Public Lim,Willis Towers Watson Public Limited Company,stocks,9999,3,2025-08-25 06:28:00+00:00,"Reported Sunday, Willis Accelerates Growth In...",https://www.benzinga.com/news/25/08/47301663/reported-sunday-willis-accelerates-growth-in-japan-with-22-new-hires-and-expansion-into-specialty-li,0
WY,Weyerhaeuser Company,Weyerhaeuser Company,stocks,9999,1,2025-07-28 21:00:00+00:00,4 Analysts Have This To Say About Weyerhaeuser,https://www.benzinga.com/insights/analyst-ratings/25/07/46674710/4-analysts-have-this-to-say-about-weyerhaeuser,0
WYNN,"Wynn Resorts, Limited","Wynn Resorts, Limited",stocks,9999,5,2025-09-03 15:00:00+00:00,"Argus Research Upgrades Wynn Resorts to Buy, ...",https://www.benzinga.com/news/25/09/47476614/argus-research-upgrades-wynn-resorts-to-buy-announces-145-price-target,0
XEL,Xcel Energy Inc.,Xcel Energy Inc.,stocks,9999,1,2025-08-19 14:12:00+00:00,"Black Hills, NorthWestern Energy To Merge, Strengthening Regional Utility Footprint",https://www.benzinga.com/m-a/25/08/47209946/black-hills-northwestern-energy-to-merge-strengthening-regional-utility-footprint,0
XLK,SPDR Select Sector Fund - Techn,Technology Select Sector SPDR Fund,etf,9999,8,2025-09-03 20:00:00+00:00,Broadcom Q3 Preview: Can Nvidia's 'Baby Brother' Beat Estimates Once Again?,https://www.benzinga.com/trading-ideas/previews/25/09/47485337/broadcom-q3-preview-can-nvidias-baby-brother-beat-estimates-again,0
XOM,Exxon Mobil Corporation,Exxon Mobil Corporation,stocks,9999,7,2025-09-04 08:00:00+00:00,"""ExxonMobil Explores Sale Of European Chemica...",https://www.benzinga.com/news/25/09/47492068/exxonmobil-explores-sale-of-european-chemicals-plants-ft,0
XRAY,DENTSPLY SIRONA Inc.,DENTSPLY SIRONA Inc.,stocks,9999,3,2025-08-19 17:32:00+00:00,Wall Street's Most Accurate Analysts Give Their Take On 3 Health Care Stocks Delivering High-Dividend Yields,https://www.benzinga.com/trading-ideas/dividends/25/08/47216696/wall-streets-most-accurate-analysts-give-their-take-on-3-health-care-stocks-delivering-high-dividend-yields-9,0
XYL,Xylem Inc.,Xylem Inc.,stocks,9999,1,2025-08-26 13:40:00+00:00,Medtronic To Rally Around 25%? Here Are 10 Top Analyst Forecasts For Tuesday,https://www.benzinga.com/news/25/08/47331705/medtronic-to-rally-around-25-here-are-10-top-analyst-forecasts-for-tuesday,0
YUM,"Yum! Brands, Inc.","Yum! Brands, Inc.",stocks,9999,3,2025-09-01 04:00:00+00:00,"Taco Bell Rethinks Drive-Thru Voice AI After Prank Order Requests 18,000 Water Cups",https://www.benzinga.com/news/restaurants/25/09/47436703/taco-bell-rethinks-drive-thru-voice-ai-after-prank-order-requests-18000-water-cups,0
ZBH,"Zimmer Biomet Holdings, Inc.","Zimmer Biomet Holdings, Inc.",stocks,9999,1,2025-08-15 16:00:00+00:00,Looking Into Zimmer Biomet Holdings's Recent Short Interest,https://www.benzinga.com/insights/short-sellers/25/08/47160703/looking-into-zimmer-biomet-holdingss-recent-short-interest,0
ZBRA,Zebra Technologies Corporation,Zebra Technologies Corporation,stocks,9999,1,2025-08-06 16:39:00+00:00,Morgan Stanley Maintains Equal-Weight on Zebr...,https://www.benzinga.com/news/25/08/46912257/morgan-stanley-maintains-equal-weight-on-zebra-technologies-raises-price-target-to-300,0
ZION,Zions Bancorporation N.A.,"Zions Bancorporation, National Association",stocks,9999,1,2025-08-01 17:15:00+00:00,Zions Bancorp Board Raises Regular Quarterly ...,https://www.benzinga.com/news/25/08/46803694/zions-bancorp-board-raises-regular-quarterly-dividend-by-5-from-0-43-to-0-45-per-share,0
ZTS,Zoetis Inc.,Zoetis Inc.,stocks,9999,3,2025-08-14 15:44:00+00:00,Public Investment Fund Dissolves Share Stake ...,https://www.benzinga.com/news/25/08/47128628/public-investment-fund-dissolves-share-stake-in-doordash-dissolves-share-stake-in-zoetis,0
