tic,shortname,longname,listing,type,desired_page,no_headlines,last_date,last_headline,last_url,no_records,next_report_date,last_report_date
A,"Agilent Technologies, Inc.","Agilent Technologies, Inc.",NYSE,stocks,9999,0,2025-09-03 16:00:00+00:00,GEHC or A: Which Is the Better Value Stock Right Now?,https://www.nasdaq.com/articles/gehc-or-which-better-value-stock-right-now-0,0,2025-11-24 00:00:00,2025-08-27 00:00:00
AAL,"American Airlines Group, Inc.",American Airlines Group Inc.,NASDAQ,stocks,9999,0,2025-08-28 04:00:00+00:00,Stock Market Today: American Airlines Rises Despite Raymond James Downgrade,https://www.nasdaq.com/articles/stock-market-today-american-airlines-rises-despite-raymond-james-downgrade,0,2025-10-23 00:00:00,2025-07-24 00:00:00
AAPL,Apple Inc.,Tim Cook,NASDAQ,stocks,9999,37,2025-09-04 08:32:00+00:00,Prediction: 2 Stocks That'll Be Worth More Than Apple 3 Years From Now,https://www.nasdaq.com/articles/prediction-2-stocks-thatll-be-worth-more-apple-3-years-now-0,0,2025-10-30 00:00:00,2025-07-31 00:00:00
ABBV,AbbVie Inc.,AbbVie Inc.,NYSE,stocks,9999,6,2025-09-04 08:00:00+00:00,Could These 3 Dividend Kings Be Worth $1 Trillion in 10 Years?,https://www.nasdaq.com/articles/could-these-3-dividend-kings-be-worth-1-trillion-10-years,0,2025-10-29 00:00:00,2025-07-31 00:00:00
ABNB,"Airbnb, Inc.","Airbnb, Inc.",NASDAQ,stocks,9999,6,2025-09-03 19:00:00+00:00,Who Wins When Interest Rates Move?,https://www.nasdaq.com/articles/who-wins-when-interest-rates-move,0,2025-11-06 00:00:00,2025-08-06 00:00:00
ABT,Abbott Laboratories,Abbott Laboratories,NYSE,stocks,9999,3,2025-09-04 08:00:00+00:00,Could These 3 Dividend Kings Be Worth $1 Trillion in 10 Years?,https://www.nasdaq.com/articles/could-these-3-dividend-kings-be-worth-1-trillion-10-years,0,2025-10-15 00:00:00,2025-07-17 00:00:00
ACN,Accenture plc,Accenture plc,NYSE,stocks,9999,3,2025-09-03 15:00:00+00:00,FlexShares Quality Dividend Index Fund Experiences Big Inflow,https://www.nasdaq.com/articles/flexshares-quality-dividend-index-fund-experiences-big-inflow,0,2025-12-17 00:00:00,2025-06-20 00:00:00
ADBE,Adobe Inc.,Adobe Inc.,NASDAQ,stocks,9999,11,2025-09-03 21:00:00+00:00,Salesforce.com (CRM) Q2 Earnings and Revenues Beat Estimates,https://www.nasdaq.com/articles/salesforcecom-crm-q2-earnings-and-revenues-beat-estimates,153,2025-12-09 00:00:00,2025-03-12 00:00:00
ADI,"Analog Devices, Inc.","Analog Devices, Inc.",NASDAQ,stocks,9999,6,2025-09-03 18:00:00+00:00,Stocks Retreat as Bond Yields Climb,https://www.nasdaq.com/articles/stocks-retreat-bond-yields-climb,0,2025-11-25 00:00:00,2025-08-20 00:00:00
ADM,Archer-Daniels-Midland Company,Archer-Daniels-Midland Company,NYSE,stocks,9999,1,2025-08-29 04:00:00+00:00,Mission Produce's Momentum Fades in August: Buy Now or Stay Cautious?,https://www.nasdaq.com/articles/mission-produces-momentum-fades-august-buy-now-or-stay-cautious,0,2025-11-17 00:00:00,2025-08-05 00:00:00
ADP,"Automatic Data Processing, Inc.","Automatic Data Processing, Inc.",NASDAQ,stocks,9999,3,2025-09-03 23:00:00+00:00,"Tech Ruling, Q2 Earnings Help Boost Hump Day Market",https://www.nasdaq.com/articles/tech-ruling-q2-earnings-help-boost-hump-day-market,0,2025-10-29 00:00:00,2025-07-30 00:00:00
ADSK,"Autodesk, Inc.","Autodesk, Inc.",NASDAQ,stocks,9999,2,2025-09-03 04:00:00+00:00,Stocks Settle Lower as Tech Shares Selloff,https://www.nasdaq.com/articles/stocks-settle-lower-tech-shares-selloff,0,2025-11-25 00:00:00,2025-08-28 00:00:00
AEE,Ameren Corporation,Ameren Corporation,NYSE,stocks,9999,1,2025-08-18 04:00:00+00:00,"Daily Dividend Report: AEE,SLG,MMM,CAH,MGEE",https://www.nasdaq.com/articles/daily-dividend-report-aeeslgmmmcahmgee,0,2025-11-05 00:00:00,2025-07-31 00:00:00
AEP,American Electric Power Company,"American Electric Power Company, Inc.",NASDAQ,stocks,9999,0,2025-08-30 04:00:00+00:00,This ETF is Crushing the S&P 500. Here's Why It's a Simple Way to Invest in AI While Generating Passive Income from High-Yield Stocks.,https://www.nasdaq.com/articles/etf-crushing-sp-500-heres-why-its-simple-way-invest-ai-while-generating-passive-income,0,2025-11-05 00:00:00,2025-07-30 00:00:00
AES,The AES Corporation,The AES Corporation,NYSE,stocks,9999,4,2025-08-30 04:00:00+00:00,These Were the 5 Top-Performing Stocks in the S&P 500 in July 2025,https://www.nasdaq.com/articles/these-were-5-top-performing-stocks-sp-500-july-2025,0,2025-10-30 00:00:00,2025-07-31 00:00:00
AFL,AFLAC Incorporated,Aflac Incorporated,NYSE,stocks,9999,2,2025-08-29 04:00:00+00:00,"Berkshire Boosts Mitsubishi Stake, Increases Investment in Japan",https://www.nasdaq.com/articles/berkshire-boosts-mitsubishi-stake-increases-investment-japan,0,2025-10-29 00:00:00,2025-08-05 00:00:00
AIG,"American International Group, I","American International Group, Inc.",NYSE,stocks,9999,1,2025-09-03 14:00:00+00:00,Why American International Group (AIG) is a Top Value Stock for the Long-Term,https://www.nasdaq.com/articles/why-american-international-group-aig-top-value-stock-long-term,0,2025-11-03 00:00:00,2025-08-06 00:00:00
AIZ,"Assurant, Inc.","Assurant, Inc.",NYSE,stocks,9999,1,2025-09-03 04:00:00+00:00,August's Top S&P 500 Performers in the Financial Services Sector,https://www.nasdaq.com/articles/augusts-top-sp-500-performers-financial-services-sector,0,2025-11-04 00:00:00,2025-08-05 00:00:00
AJG,Arthur J. Gallagher & Co.,Arthur J. Gallagher & Co.,NYSE,stocks,9999,7,2025-09-03 15:00:00+00:00,"Ex-Dividend Reminder: OUTFRONT Media, Arthur J. Gallagher and First Merchants",https://www.nasdaq.com/articles/ex-dividend-reminder-outfront-media-arthur-j-gallagher-and-first-merchants,0,2025-10-23 00:00:00,2025-07-31 00:00:00
AKAM,"Akamai Technologies, Inc.","Akamai Technologies, Inc.",NASDAQ,stocks,9999,1,2025-08-28 04:00:00+00:00,Why Akamai Technologies (AKAM) is a Top Momentum Stock for the Long-Term,https://www.nasdaq.com/articles/why-akamai-technologies-akam-top-momentum-stock-long-term,0,2025-11-06 00:00:00,2025-08-07 00:00:00
ALB,Albemarle Corporation,Albemarle Corporation,NYSE,stocks,9999,8,2025-09-04 08:00:00+00:00,These Were the 5 Top-Performing Stocks in the S&P 500 in August 2025,https://www.nasdaq.com/articles/these-were-5-top-performing-stocks-sp-500-august-2025,0,2025-11-05 00:00:00,2025-07-30 00:00:00
ALGN,"Align Technology, Inc.","Align Technology, Inc.",NASDAQ,stocks,9999,1,2025-09-01 04:00:00+00:00,Validea's Top Health Care Stocks Based On Martin Zweig - 9/1/2025,https://www.nasdaq.com/articles/valideas-top-health-care-stocks-based-martin-zweig-9-1-2025,0,2025-10-22 00:00:00,2025-07-30 00:00:00
ALL,Allstate Corporation (The),The Allstate Corporation,NYSE,stocks,9999,1,2025-09-01 04:00:00+00:00,ROOT's Policy Growth Steady: Will it Fuel Premium Acceleration?,https://www.nasdaq.com/articles/roots-policy-growth-steady-will-it-fuel-premium-acceleration,0,2025-10-29 00:00:00,2025-07-30 00:00:00
ALLE,Allegion plc,Allegion plc,NYSE,stocks,9999,0,2025-09-03 04:00:00+00:00,Validea's Top Industrial Stocks Based On Warren Buffett - 9/2/2025,https://www.nasdaq.com/articles/valideas-top-industrial-stocks-based-warren-buffett-9-2-2025,0,2025-10-23 00:00:00,2025-07-24 00:00:00
AMAT,"Applied Materials, Inc.","Applied Materials, Inc.",NASDAQ,stocks,9999,7,2025-09-04 08:34:00+00:00,Where Will ASML Stock Be in 5 Years?,https://www.nasdaq.com/articles/where-will-asml-stock-be-5-years,0,2025-11-13 00:00:00,2025-08-14 00:00:00
AMD,"Advanced Micro Devices, Inc.","Advanced Micro Devices, Inc.",NASDAQ,stocks,9999,17,2025-09-04 08:00:00+00:00,"Big Tech's AI Buildout Could Be Worth $4 Trillion, and These 2 Semiconductor Stocks Stand to Gain Most",https://www.nasdaq.com/articles/big-techs-ai-buildout-could-be-worth-4-trillion-and-these-2-semiconductor-stocks-stand,0,2025-11-04 00:00:00,2025-08-05 00:00:00
AME,"AMETEK, Inc.","AMETEK, Inc.",NYSE,stocks,9999,2,2025-08-15 04:00:00+00:00,Zacks Industry Outlook Highlights AMETEK and Itron,https://www.nasdaq.com/articles/zacks-industry-outlook-highlights-ametek-and-itron,0,2025-10-30 00:00:00,2025-07-31 00:00:00
AMGN,Amgen Inc.,Amgen Inc.,NASDAQ,stocks,9999,4,2025-09-03 15:00:00+00:00,Validea's Top Health Care Stocks Based On Martin Zweig - 9/3/2025,https://www.nasdaq.com/articles/valideas-top-health-care-stocks-based-martin-zweig-9-3-2025,0,2025-10-29 00:00:00,2025-08-05 00:00:00
AMP,"Ameriprise Financial, Inc.","Ameriprise Financial, Inc.",NYSE,stocks,9999,0,2025-08-05 04:00:00+00:00,Peek Under The Hood: DLN Has 10% Upside,https://www.nasdaq.com/articles/peek-under-hood-dln-has-10-upside,0,2025-10-22 00:00:00,2025-07-24 00:00:00
AMT,American Tower Corporation (REI,American Tower Corporation,NYSE,stocks,9999,2,2025-09-01 04:00:00+00:00,American Tower Stock Rises 11.2% YTD: Will it Continue to Rise?,https://www.nasdaq.com/articles/american-tower-stock-rises-112-ytd-will-it-continue-rise,0,2025-11-04 00:00:00,2025-07-29 00:00:00
AMZN,"Amazon.com, Inc.","Amazon.com, Inc.",NASDAQ,stocks,9999,62,2025-09-04 08:32:00+00:00,Prediction: 2 Stocks That'll Be Worth More Than Apple 3 Years From Now,https://www.nasdaq.com/articles/prediction-2-stocks-thatll-be-worth-more-apple-3-years-now-0,0,2025-10-30 00:00:00,2025-07-31 00:00:00
ANET,"Arista Networks, Inc.","Arista Networks, Inc.",NYSE,stocks,9999,11,2025-09-03 14:00:00+00:00,Are Computer and Technology Stocks Lagging CrowdStrike (CRWD) This Year?,https://www.nasdaq.com/articles/are-computer-and-technology-stocks-lagging-crowdstrike-crwd-year,0,2025-11-06 00:00:00,2025-08-05 00:00:00
ANSS,"ANSYS, Inc.","ANSYS, Inc.",NASDAQ,stocks,0,0,2025-06-17 04:00:00+00:00,Validea Detailed Fundamental Analysis - ANSS,https://www.nasdaq.com/articles/validea-detailed-fundamental-analysis-anss-6,115,,2025-04-30 00:00:00
AON,Aon plc,Aon plc,NYSE,stocks,9999,1,2025-09-03 12:00:00+00:00,Aon To Sell NFP's Wealth Business To Madison Dearborn Partners For $2.7 Bln,https://www.nasdaq.com/articles/aon-sell-nfps-wealth-business-madison-dearborn-partners-27-bln,0,2025-10-24 00:00:00,2025-07-25 00:00:00
AOS,A.O. Smith Corporation,A. O. Smith Corporation,NYSE,stocks,9999,0,2025-08-19 04:00:00+00:00,Validea's Top Industrial Stocks Based On Joel Greenblatt - 8/19/2025,https://www.nasdaq.com/articles/valideas-top-industrial-stocks-based-joel-greenblatt-8-19-2025,0,2025-10-28 00:00:00,2025-07-24 00:00:00
APA,APA Corporation,APA Corporation,NASDAQ,stocks,9999,0,2025-09-04 07:00:00+00:00,Stocks Supported as Chances Improve for a Fed Rate Cut,https://www.nasdaq.com/articles/stocks-supported-chances-improve-fed-rate-cut,0,2025-11-05 00:00:00,2025-08-06 00:00:00
APD,"Air Products and Chemicals, Inc","Air Products and Chemicals, Inc.",NYSE,stocks,9999,0,2025-09-03 13:00:00+00:00,"APD's Cleveland Air Separation Facility Is Operational, Supply Begins",https://www.nasdaq.com/articles/apds-cleveland-air-separation-facility-operational-supply-begins,0,2025-11-06 00:00:00,2025-07-31 00:00:00
APH,Amphenol Corporation,Amphenol Corporation,NYSE,stocks,9999,14,2025-09-03 17:00:00+00:00,Amphenol (APH) is an Incredible Growth Stock: 3 Reasons Why,https://www.nasdaq.com/articles/amphenol-aph-incredible-growth-stock-3-reasons-why,0,2025-10-22 00:00:00,2025-07-23 00:00:00
APTV,Aptiv PLC,Aptiv PLC,NYSE,stocks,9999,0,2025-08-26 04:00:00+00:00,Is Trending Stock Aptiv PLC (APTV) a Buy Now?,https://www.nasdaq.com/articles/trending-stock-aptiv-plc-aptv-buy-now,63,2025-10-30 00:00:00,2025-07-31 00:00:00
ARE,Alexandria Real Estate Equities,"Alexandria Real Estate Equities, Inc.",NYSE,stocks,9999,1,2025-09-03 16:00:00+00:00,Why Is Vornado (VNO) Up 2.3% Since Last Earnings Report?,https://www.nasdaq.com/articles/why-vornado-vno-23-last-earnings-report,0,2025-10-27 00:00:00,2025-07-21 00:00:00
ARKK,ARK Innovation ETF,Cathie Wood,,etf,9999,0,2025-08-28 04:00:00+00:00,"ARKK, MYY: Big ETF Outflows",https://www.nasdaq.com/articles/arkk-myy-big-etf-outflows,0,1990-01-01 00:00:00,1990-01-01 00:00:00
ATO,Atmos Energy Corporation,Atmos Energy Corporation,NYSE,stocks,9999,2,2025-09-03 15:00:00+00:00,"SPLV, ATO, EVRG, KO: Large Outflows Detected at ETF",https://www.nasdaq.com/articles/splv-ato-evrg-ko-large-outflows-detected-etf,0,2025-11-05 00:00:00,2025-08-06 00:00:00
AVB,"AvalonBay Communities, Inc.","AvalonBay Communities, Inc.",NYSE,stocks,9999,2,2025-08-29 04:00:00+00:00,Why Is AvalonBay (AVB) Up 4.5% Since Last Earnings Report?,https://www.nasdaq.com/articles/why-avalonbay-avb-45-last-earnings-report,0,2025-11-03 00:00:00,2025-07-30 00:00:00
AVGO,Broadcom Inc.,Broadcom Inc.,NASDAQ,stocks,9999,41,2025-09-04 08:00:00+00:00,"Big Tech's AI Buildout Could Be Worth $4 Trillion, and These 2 Semiconductor Stocks Stand to Gain Most",https://www.nasdaq.com/articles/big-techs-ai-buildout-could-be-worth-4-trillion-and-these-2-semiconductor-stocks-stand,0,2025-12-11 00:00:00,2025-09-04 00:00:00
AVY,Avery Dennison Corporation,Avery Dennison Corporation,NYSE,stocks,9999,1,2025-09-03 04:00:00+00:00,"Ex-Dividend Reminder: Insperity, Avery Dennison and Linde",https://www.nasdaq.com/articles/ex-dividend-reminder-insperity-avery-dennison-and-linde,0,2025-10-22 00:00:00,2025-07-22 00:00:00
AWK,"American Water Works Company, I","American Water Works Company, Inc.",NYSE,stocks,9999,0,2025-08-29 04:00:00+00:00,American Water Works (AWK) Up 1.9% Since Last Earnings Report: Can It Continue?,https://www.nasdaq.com/articles/american-water-works-awk-19-last-earnings-report-can-it-continue,0,2025-10-29 00:00:00,2025-07-30 00:00:00
AXON,"Axon Enterprise, Inc.","Axon Enterprise, Inc.",NASDAQ,stocks,9999,0,2025-09-03 16:00:00+00:00,Why Is Axon (AXON) Down 14.3% Since Last Earnings Report?,https://www.nasdaq.com/articles/why-axon-axon-down-143-last-earnings-report,0,2025-11-06 00:00:00,2025-08-04 00:00:00
AXP,American Express Company,American Express Company,NYSE,stocks,9999,8,2025-09-03 17:00:00+00:00,Mastercard Ties Up To Advance Zain Cash's Card Suite in Jordan,https://www.nasdaq.com/articles/mastercard-ties-advance-zain-cashs-card-suite-jordan,0,2025-10-16 00:00:00,2025-01-24 00:00:00
AZO,"AutoZone, Inc.","AutoZone, Inc.",NYSE,stocks,9999,3,2025-08-27 04:00:00+00:00,"Noteworthy ETF Outflows: FQAL, AZO, SPGI, HLT",https://www.nasdaq.com/articles/noteworthy-etf-outflows-fqal-azo-spgi-hlt,0,2025-09-22 00:00:00,2025-03-04 00:00:00
BA,Boeing Company (The),The Boeing Company,NYSE,stocks,9999,8,2025-09-04 08:00:00+00:00,Time to Buy the Dip on Archer Aviation Stock Below $10?,https://www.nasdaq.com/articles/time-buy-dip-archer-aviation-stock-below-10-0,0,2025-10-21 00:00:00,2025-04-23 00:00:00
BAC,Bank of America Corporation,Bank of America Corporation,NYSE,stocks,9999,9,2025-09-04 07:00:00+00:00,Best Stock to Buy Right Now: Amazon vs. Alphabet,https://www.nasdaq.com/articles/best-stock-buy-right-now-amazon-vs-alphabet,0,2025-10-15 00:00:00,2025-07-16 00:00:00
BALL,Ball Corporation,Ball Corporation,,stocks,9999,0,2025-09-03 16:00:00+00:00,BALL Crosses Critical Technical Indicator,https://www.nasdaq.com/articles/ball-crosses-critical-technical-indicator,0,1990-01-01 00:00:00,1990-01-01 00:00:00
BAX,Baxter International Inc.,Baxter International Inc.,NYSE,stocks,9999,1,2025-09-03 04:00:00+00:00,"Noteworthy Tuesday Option Activity: BAX, NFLX, META",https://www.nasdaq.com/articles/noteworthy-tuesday-option-activity-bax-nflx-meta,0,2025-11-14 00:00:00,2025-07-31 00:00:00
BBWI,"Bath & Body Works, Inc.","Bath & Body Works, Inc.",NYSE,stocks,9999,2,2025-08-29 04:00:00+00:00,"Bath & Body Works Q2 Earnings Meet Estimates, Gross Margin Rises Y/Y",https://www.nasdaq.com/articles/bath-body-works-q2-earnings-meet-estimates-gross-margin-rises-y-y,0,2025-11-24 00:00:00,2025-08-28 00:00:00
BBY,"Best Buy Co., Inc.","Best Buy Co., Inc.",NYSE,stocks,9999,1,2025-09-03 16:00:00+00:00,Uber Inks Customer-Friendly Deal With Best Buy: Sign of More Growth?,https://www.nasdaq.com/articles/uber-inks-customer-friendly-deal-best-buy-sign-more-growth,0,2025-11-25 00:00:00,2025-08-28 00:00:00
BDX,"Becton, Dickinson and Company","Becton, Dickinson and Company",NYSE,stocks,9999,0,2025-08-28 04:00:00+00:00,Are Options Traders Betting on a Big Move in Becton Dickinson Stock?,https://www.nasdaq.com/articles/are-options-traders-betting-big-move-becton-dickinson-stock,0,2025-11-06 00:00:00,2025-08-07 00:00:00
BEN,"Franklin Resources, Inc.","Franklin Resources, Inc.",NYSE,stocks,9999,4,2025-08-28 04:00:00+00:00,"Daily Dividend Report: NVDA,DE,PCH,BEN,NDSN,GES",https://www.nasdaq.com/articles/daily-dividend-report-nvdadepchbenndsnges,0,2025-11-03 00:00:00,2025-08-01 00:00:00
BG,Bunge Limited,Bunge Global SA,NYSE,stocks,9999,1,2025-08-26 04:00:00+00:00,Bunge Global Named Top Dividend Stock With Insider Buying and 3.18% Yield (BG),https://www.nasdaq.com/articles/bunge-global-named-top-dividend-stock-insider-buying-and-318-yield-bg,0,2025-10-29 00:00:00,2025-07-30 00:00:00
BIO,"Bio-Rad Laboratories, Inc.","Bio-Rad Laboratories, Inc.",NYSE,stocks,9999,0,2025-09-01 04:00:00+00:00,Is it Apt to Hold Bio-Rad Stock in Your Portfolio Now?,https://www.nasdaq.com/articles/it-apt-hold-bio-rad-stock-your-portfolio-now,0,2025-10-29 00:00:00,2025-07-31 00:00:00
BK,The Bank of New York Mellon Cor,The Bank of New York Mellon Corporation,NYSE,stocks,9999,0,2025-09-03 10:00:00+00:00,Better Stablecoin Buy: Tether (USDT) vs. USD Coin (USDC),https://www.nasdaq.com/articles/better-stablecoin-buy-tether-usdt-vs-usd-coin-usdc,0,2025-10-16 00:00:00,2025-07-15 00:00:00
BKNG,Booking Holdings Inc. Common St,Booking Holdings Inc.,NASDAQ,stocks,9999,7,2025-09-03 16:00:00+00:00,Why Is Wayfair (W) Up 5.4% Since Last Earnings Report?,https://www.nasdaq.com/articles/why-wayfair-w-54-last-earnings-report,0,2025-10-28 00:00:00,2025-02-20 00:00:00
BKR,Baker Hughes Company,Baker Hughes Company,NASDAQ,stocks,9999,4,2025-09-03 18:00:00+00:00,GE Vernova: Riding the Combined-Cycle Power Plant Boom,https://www.nasdaq.com/articles/ge-vernova-riding-combined-cycle-power-plant-boom,0,2025-10-28 00:00:00,2025-07-22 00:00:00
BLDR,"Builders FirstSource, Inc.","Builders FirstSource, Inc.",NYSE,stocks,9999,5,2025-09-03 04:00:00+00:00,BLDR Quantitative Stock Analysis - Peter Lynch,https://www.nasdaq.com/articles/bldr-quantitative-stock-analysis-peter-lynch-4,0,2025-11-04 00:00:00,2025-07-31 00:00:00
BLK,"BlackRock, Inc.","BlackRock, Inc.",NYSE,stocks,9999,6,2025-09-04 08:00:00+00:00,"Billionaires Are Buying a BlackRock ETF -- It Could Soar Up to 8,990%, According to Wall Street Experts",https://www.nasdaq.com/articles/billionaires-are-buying-blackrock-etf-it-could-soar-8990-according-wall-street-experts,0,2025-10-10 00:00:00,2025-07-15 00:00:00
BMY,Bristol-Myers Squibb Company,Bristol-Myers Squibb Company,NYSE,stocks,9999,5,2025-09-03 14:00:00+00:00,Cytokinetics Gains on Positive Late-Stage Cardiomyopathy Study Results,https://www.nasdaq.com/articles/cytokinetics-gains-positive-late-stage-cardiomyopathy-study-results,0,2025-10-30 00:00:00,2025-07-31 00:00:00
BR,"Broadridge Financial Solutions,","Broadridge Financial Solutions, Inc.",NYSE,stocks,9999,2,2025-08-19 04:00:00+00:00,Validea's Top Industrial Stocks Based On Warren Buffett - 8/19/2025,https://www.nasdaq.com/articles/valideas-top-industrial-stocks-based-warren-buffett-8-19-2025,0,2025-11-04 00:00:00,2025-08-05 00:00:00
BRK-B,Berkshire Hathaway Inc.,Warren Buffett,,stocks,9999,19,2025-09-04 08:00:00+00:00,Is Berkshire Hathaway the Smartest Investment You Can Make Today?,https://www.nasdaq.com/articles/berkshire-hathaway-smartest-investment-you-can-make-today-0,0,1990-01-01 00:00:00,1990-01-01 00:00:00
BRO,"Brown & Brown, Inc.","Brown & Brown, Inc.",NYSE,stocks,9999,5,2025-09-01 04:00:00+00:00,Willis Towers Trades Above 50-Day SMA: How to Play the Stock?,https://www.nasdaq.com/articles/willis-towers-trades-above-50-day-sma-how-play-stock,0,2025-10-27 00:00:00,2025-07-28 00:00:00
BSX,Boston Scientific Corporation,Boston Scientific Corporation,NYSE,stocks,9999,6,2025-09-03 17:00:00+00:00,"HealthEquity Stock Gains as Q2 Earnings Beat Estimates, Revenues Up Y/Y",https://www.nasdaq.com/articles/healthequity-stock-gains-q2-earnings-beat-estimates-revenues-y-y,0,2025-10-22 00:00:00,2025-07-23 00:00:00
BWA,BorgWarner Inc.,BorgWarner Inc.,NYSE,stocks,9999,1,2025-09-03 04:00:00+00:00,"Zacks Market Edge Highlights: GOOGL, BWA, BAC, LECO and URI",https://www.nasdaq.com/articles/zacks-market-edge-highlights-googl-bwa-bac-leco-and-uri,0,2025-10-30 00:00:00,2025-07-31 00:00:00
BX,Blackstone Inc.,Blackstone Inc.,NYSE,stocks,9999,0,2025-09-03 12:00:00+00:00,"BLK Deepens Private Markets Footprint, Completes ElmTree Buyout",https://www.nasdaq.com/articles/blk-deepens-private-markets-footprint-completes-elmtree-buyout,0,2025-10-16 00:00:00,2025-07-24 00:00:00
BXP,"Boston Properties, Inc.","Boston Properties, Inc.",NYSE,stocks,9999,4,2025-08-05 04:00:00+00:00,"Vornado's Q2 FFO Beat Estimates, Same-Store NOI Rises Y/Y",https://www.nasdaq.com/articles/vornados-q2-ffo-beat-estimates-same-store-noi-rises-y-y,0,2025-11-04 00:00:00,2025-07-29 00:00:00
C,"Citigroup, Inc.",Citigroup Inc.,NYSE,stocks,9999,5,2025-09-03 16:00:00+00:00,"BAC, JPM, MS, C, BCS & 5 Other Big Banks Win U.S. Antitrust Lawsuit",https://www.nasdaq.com/articles/bac-jpm-ms-c-bcs-5-other-big-banks-win-us-antitrust-lawsuit,0,2025-10-14 00:00:00,2025-07-15 00:00:00
CAG,"ConAgra Brands, Inc.","Conagra Brands, Inc.",NYSE,stocks,9999,1,2025-09-03 11:00:00+00:00,Sum Up The Parts: DON Could Be Worth $57,https://www.nasdaq.com/articles/sum-parts-don-could-be-worth-57,0,2025-09-30 00:00:00,2025-04-03 00:00:00
CAH,"Cardinal Health, Inc.","Cardinal Health, Inc.",NYSE,stocks,9999,2,2025-09-03 17:00:00+00:00,"Is Cardinal (CAH) a Solid Growth Stock? 3 Reasons to Think ""Yes""",https://www.nasdaq.com/articles/cardinal-cah-solid-growth-stock-3-reasons-think-yes,0,2025-10-30 00:00:00,2025-05-01 00:00:00
CAKE,The Cheesecake Factory Incorpor,The Cheesecake Factory Incorporated,NASDAQ,stocks,9999,4,2025-09-03 04:00:00+00:00,CAVA Stock Slips 23% in a Month: Should Investors Buy the Dip or Wait?,https://www.nasdaq.com/articles/cava-stock-slips-23-month-should-investors-buy-dip-or-wait,0,2025-11-04 00:00:00,2025-07-29 00:00:00
CARR,Carrier Global Corporation,Carrier Global Corporation,NYSE,stocks,9999,1,2025-09-03 19:00:00+00:00,"Wednesday Sector Laggards: Energy, Materials",https://www.nasdaq.com/articles/wednesday-sector-laggards-energy-materials-0,0,2025-10-23 00:00:00,2025-07-29 00:00:00
CAT,"Caterpillar, Inc.",Caterpillar Inc.,NYSE,stocks,9999,7,2025-09-03 04:00:00+00:00,Stocks Settle Lower as Tech Shares Selloff,https://www.nasdaq.com/articles/stocks-settle-lower-tech-shares-selloff,0,2025-10-29 00:00:00,2025-08-05 00:00:00
CB,Chubb Limited,Chubb Limited,NYSE,stocks,9999,2,2025-08-28 04:00:00+00:00,"BRK.B Slips 2% in 3 Months, Trades at a Premium: How to Play the Stock",https://www.nasdaq.com/articles/brkb-slips-2-3-months-trades-premium-how-play-stock,0,2025-11-04 00:00:00,2025-07-22 00:00:00
CBOE,"Cboe Global Markets, Inc.","Cboe Global Markets, Inc.",,stocks,9999,0,2025-08-29 04:00:00+00:00,Why CBOE Global (CBOE) is a Top Growth Stock for the Long-Term,https://www.nasdaq.com/articles/why-cboe-global-cboe-top-growth-stock-long-term,0,1990-01-01 00:00:00,1990-01-01 00:00:00
CBRE,CBRE Group Inc,"CBRE Group, Inc.",NYSE,stocks,9999,0,2025-09-03 04:00:00+00:00,"Beat the Market the Zacks Way: Oracle, Intellia, Pharming Group in Focus",https://www.nasdaq.com/articles/beat-market-zacks-way-oracle-intellia-pharming-group-focus,0,2025-10-23 00:00:00,2025-07-29 00:00:00
CCI,Crown Castle Inc.,Crown Castle Inc.,NYSE,stocks,9999,1,2025-09-03 17:00:00+00:00,"REXR Leases 1.9M Square Feet, Disposes $32M, Grows Rental Rates in QTD",https://www.nasdaq.com/articles/rexr-leases-19m-square-feet-disposes-32m-grows-rental-rates-qtd,0,2025-10-15 00:00:00,2025-07-23 00:00:00
CCL,Carnival Corporation,Carnival Corporation & plc,NYSE,stocks,9999,3,2025-09-03 16:00:00+00:00,CCL vs. ATAT: Which Stock Should Value Investors Buy Now?,https://www.nasdaq.com/articles/ccl-vs-atat-which-stock-should-value-investors-buy-now-0,0,2025-09-29 00:00:00,2025-03-21 00:00:00
CDNS,"Cadence Design Systems, Inc.","Cadence Design Systems, Inc.",NASDAQ,stocks,9999,4,2025-09-03 04:00:00+00:00,Why Cadence Design Systems (CDNS) Dipped More Than Broader Market Today,https://www.nasdaq.com/articles/why-cadence-design-systems-cdns-dipped-more-broader-market-today,0,2025-10-27 00:00:00,2025-07-28 00:00:00
CDW,CDW Corporation,CDW Corporation,NASDAQ,stocks,9999,0,2025-08-28 04:00:00+00:00,The Math Shows PTNQ Can Go To $82,https://www.nasdaq.com/articles/math-shows-ptnq-can-go-82,0,2025-10-29 00:00:00,2025-08-06 00:00:00
CE,Celanese Corporation,Celanese Corporation,NYSE,stocks,9999,0,2025-09-03 15:00:00+00:00,Insiders Buy the Holdings of VIOV ETF,https://www.nasdaq.com/articles/insiders-buy-holdings-viov-etf-1,0,2025-11-03 00:00:00,2025-08-11 00:00:00
CEG,Constellation Energy Corporatio,Constellation Energy Corporation,NASDAQ,stocks,9999,5,2025-08-29 04:00:00+00:00,"Noteworthy Friday Option Activity: ORA, INSM, CEG",https://www.nasdaq.com/articles/noteworthy-friday-option-activity-ora-insm-ceg,0,2025-11-03 00:00:00,2025-08-07 00:00:00
CF,"CF Industries Holdings, Inc.","CF Industries Holdings, Inc.",NYSE,stocks,9999,5,2025-08-26 04:00:00+00:00,"Avino Silver Acquires Full Ownership of La Preciosa, Rallies 4%",https://www.nasdaq.com/articles/avino-silver-acquires-full-ownership-la-preciosa-rallies-4,0,2025-10-29 00:00:00,2025-08-06 00:00:00
CFG,"Citizens Financial Group, Inc.","Citizens Financial Group, Inc.",NYSE,stocks,9999,0,2025-09-03 04:00:00+00:00,August's Top S&P 500 Performers in the Financial Services Sector,https://www.nasdaq.com/articles/augusts-top-sp-500-performers-financial-services-sector,0,2025-10-16 00:00:00,2025-01-17 00:00:00
CHD,"Church & Dwight Company, Inc.","Church & Dwight Co., Inc.",NYSE,stocks,9999,0,2025-09-04 08:00:00+00:00,"Zacks Investment Ideas feature highlights: Church & Dwight, Eli Lilly and Viatris",https://www.nasdaq.com/articles/zacks-investment-ideas-feature-highlights-church-dwight-eli-lilly-and-viatris,0,2025-11-07 00:00:00,2025-08-01 00:00:00
CHRW,"C.H. Robinson Worldwide, Inc.","C.H. Robinson Worldwide, Inc.",NASDAQ,stocks,9999,1,2025-09-03 15:00:00+00:00,"Ex-Dividend Reminder: Open Text, Teradyne and C.H. Robinson Worldwide",https://www.nasdaq.com/articles/ex-dividend-reminder-open-text-teradyne-and-ch-robinson-worldwide,0,2025-10-29 00:00:00,2025-07-30 00:00:00
CI,The Cigna Group,The Cigna Group,NYSE,stocks,9999,2,2025-09-03 04:00:00+00:00,"Ex-Dividend Reminder: Home Depot, Phibro Animal Health and Cigna",https://www.nasdaq.com/articles/ex-dividend-reminder-home-depot-phibro-animal-health-and-cigna,0,2025-10-30 00:00:00,2025-07-31 00:00:00
CINF,Cincinnati Financial Corporatio,Cincinnati Financial Corporation,NASDAQ,stocks,9999,0,2025-08-29 04:00:00+00:00,"AXS Outperforms Industry, Trades Near 52-Week High: Time to Hold?",https://www.nasdaq.com/articles/axs-outperforms-industry-trades-near-52-week-high-time-hold,0,2025-10-23 00:00:00,2025-07-28 00:00:00
CL,Colgate-Palmolive Company,Colgate-Palmolive Company,NYSE,stocks,9999,2,2025-09-03 04:00:00+00:00,CL Quantitative Stock Analysis - Warren Buffett,https://www.nasdaq.com/articles/cl-quantitative-stock-analysis-warren-buffett-7,0,2025-10-24 00:00:00,2025-08-01 00:00:00
CLX,Clorox Company (The),The Clorox Company,NYSE,stocks,9999,0,2025-08-26 04:00:00+00:00,3 Undervalued Dividend Stocks to Buy as U.S. Federal Reserve Cuts Interest Rates,https://www.nasdaq.com/articles/3-undervalued-dividend-stocks-buy-us-federal-reserve-cuts-interest-rates,0,2025-10-29 00:00:00,2025-07-31 00:00:00
CMA,Comerica Incorporated,Comerica Incorporated,NYSE,stocks,9999,0,2025-08-29 04:00:00+00:00,"Noteworthy Friday Option Activity: NKE, CMA, MCD",https://www.nasdaq.com/articles/noteworthy-friday-option-activity-nke-cma-mcd,0,2025-10-17 00:00:00,2025-07-18 00:00:00
CMCSA,Comcast Corporation,Comcast Corporation,NASDAQ,stocks,9999,5,2025-09-03 04:00:00+00:00,"Zacks Industry Outlook Highlights Comcast, Charter Communications and Cable One",https://www.nasdaq.com/articles/zacks-industry-outlook-highlights-comcast-charter-communications-and-cable-one,0,2025-10-30 00:00:00,2025-07-31 00:00:00
CME,CME Group Inc.,CME Group Inc.,NASDAQ,stocks,9999,0,2025-08-29 04:00:00+00:00,Validea's Top Financial Stocks Based On Martin Zweig - 8/29/2025,https://www.nasdaq.com/articles/valideas-top-financial-stocks-based-martin-zweig-8-29-2025,0,2025-10-22 00:00:00,2025-07-23 00:00:00
CMG,"Chipotle Mexican Grill, Inc.","Chipotle Mexican Grill, Inc.",NYSE,stocks,9999,9,2025-09-04 07:00:00+00:00,Prediction: Buying Cava Group Stock Today Could Set You Up for Life,https://www.nasdaq.com/articles/prediction-buying-cava-group-stock-today-could-set-you-life,0,2025-10-29 00:00:00,2025-07-23 00:00:00
CMI,Cummins Inc.,Cummins Inc.,NYSE,stocks,9999,0,2025-08-30 04:00:00+00:00,Engines to AI: Cummins' Surprising Growth Driver,https://www.nasdaq.com/articles/engines-ai-cummins-surprising-growth-driver,0,2025-11-04 00:00:00,2025-08-05 00:00:00
CMS,CMS Energy Corporation,CMS Energy Corporation,NYSE,stocks,9999,0,2025-08-25 14:00:00+00:00,CMS Energy Set to Benefit From Renewable Growth & Capital Deployment,https://www.nasdaq.com/articles/cms-energy-set-benefit-renewable-growth-capital-deployment,0,2025-10-30 00:00:00,2025-07-31 00:00:00
CNC,Centene Corporation,Centene Corporation,NYSE,stocks,9999,6,2025-09-03 04:00:00+00:00,Stocks Settle Lower as Tech Shares Selloff,https://www.nasdaq.com/articles/stocks-settle-lower-tech-shares-selloff,0,2025-10-24 00:00:00,2025-07-25 00:00:00
CNP,"CenterPoint Energy, Inc (Holdin","CenterPoint Energy, Inc.",NYSE,stocks,9999,0,2025-08-30 04:00:00+00:00,This ETF is Crushing the S&P 500. Here's Why It's a Simple Way to Invest in AI While Generating Passive Income from High-Yield Stocks.,https://www.nasdaq.com/articles/etf-crushing-sp-500-heres-why-its-simple-way-invest-ai-while-generating-passive-income,0,2025-10-27 00:00:00,2025-07-24 00:00:00
COF,Capital One Financial Corporati,Capital One Financial Corporation,NYSE,stocks,9999,1,2025-09-03 15:00:00+00:00,"Notable ETF Inflow Detected - DYNF, CSCO, PH, COF",https://www.nasdaq.com/articles/notable-etf-inflow-detected-dynf-csco-ph-cof,0,2025-10-23 00:00:00,2025-07-22 00:00:00
COO,"The Cooper Companies, Inc.","The Cooper Companies, Inc.",NASDAQ,stocks,9999,1,2025-09-03 18:00:00+00:00,"Wednesday 9/3 Insider Buying Report: CECO, COO",https://www.nasdaq.com/articles/wednesday-9-3-insider-buying-report-ceco-coo,0,2025-12-04 00:00:00,2025-08-27 00:00:00
COP,ConocoPhillips,ConocoPhillips,NYSE,stocks,9999,10,2025-09-04 07:00:00+00:00,Stocks Supported as Chances Improve for a Fed Rate Cut,https://www.nasdaq.com/articles/stocks-supported-chances-improve-fed-rate-cut,0,2025-10-30 00:00:00,2025-08-07 00:00:00
COR,"Cencora, Inc.","Cencora, Inc.",NYSE,stocks,9999,1,2025-09-01 04:00:00+00:00,Validea's Top Health Care Stocks Based On Peter Lynch - 9/1/2025,https://www.nasdaq.com/articles/valideas-top-health-care-stocks-based-peter-lynch-9-1-2025,0,2025-11-05 00:00:00,2025-08-06 00:00:00
COST,Costco Wholesale Corporation,Costco Wholesale Corporation,NASDAQ,stocks,9999,7,2025-09-04 08:40:00+00:00,Why Lululemon's Battle With Costco Could Make or Break Its Stock,https://www.nasdaq.com/articles/why-lululemons-battle-costco-could-make-or-break-its-stock,0,2025-09-25 00:00:00,2025-05-29 00:00:00
CPAY,"FleetCor Technologies, Inc.","Corpay, Inc.",NYSE,stocks,9999,0,2025-08-29 04:00:00+00:00,Validea's Top Financial Stocks Based On Warren Buffett - 8/29/2025,https://www.nasdaq.com/articles/valideas-top-financial-stocks-based-warren-buffett-8-29-2025,8,,2025-08-06 00:00:00
CPB,Campbell Soup Company,Campbell Soup Company,NYSE,stocks,9999,0,2025-09-04 07:00:00+00:00,Stocks Supported as Chances Improve for a Fed Rate Cut,https://www.nasdaq.com/articles/stocks-supported-chances-improve-fed-rate-cut,0,2025-12-02 00:00:00,2025-09-03 00:00:00
CPRT,"Copart, Inc.","Copart, Inc.",NASDAQ,stocks,9999,10,2025-09-03 04:00:00+00:00,Validea's Top Industrial Stocks Based On Benjamin Graham - 9/2/2025,https://www.nasdaq.com/articles/valideas-top-industrial-stocks-based-benjamin-graham-9-2-2025,0,2025-11-20 00:00:00,2025-09-04 00:00:00
CPT,Camden Property Trust,Camden Property Trust,NYSE,stocks,9999,1,2025-09-01 04:00:00+00:00,3 Dividend Stocks I Plan to Invest $250 Into This Week for Passive Income,https://www.nasdaq.com/articles/3-dividend-stocks-i-plan-invest-250-week-passive-income,0,2025-10-30 00:00:00,2025-07-31 00:00:00
CRL,Charles River Laboratories Inte,"Charles River Laboratories International, Inc.",NYSE,stocks,9999,0,2025-09-03 04:00:00+00:00,Danaher Gains From Business Strength Amid Persisting Headwinds,https://www.nasdaq.com/articles/danaher-gains-business-strength-amid-persisting-headwinds,0,2025-11-05 00:00:00,2025-08-06 00:00:00
CRM,"Salesforce, Inc.","Salesforce, Inc.",NYSE,stocks,9999,27,2025-09-03 23:00:00+00:00,"Tech Ruling, Q2 Earnings Help Boost Hump Day Market",https://www.nasdaq.com/articles/tech-ruling-q2-earnings-help-boost-hump-day-market,0,2025-12-02 00:00:00,2025-09-03 00:00:00
CSCO,"Cisco Systems, Inc.","Cisco Systems, Inc.",NASDAQ,stocks,9999,7,2025-09-03 15:00:00+00:00,"Notable ETF Inflow Detected - DYNF, CSCO, PH, COF",https://www.nasdaq.com/articles/notable-etf-inflow-detected-dynf-csco-ph-cof,0,2025-11-12 00:00:00,2025-08-13 00:00:00
CSGP,"CoStar Group, Inc.","CoStar Group, Inc.",NASDAQ,stocks,9999,1,2025-08-27 04:00:00+00:00,CoStar Group Completes Acquisition Of Domain To Reshape Australia's Property Market,https://www.nasdaq.com/articles/costar-group-completes-acquisition-domain-reshape-australias-property-market,0,2025-10-28 00:00:00,2025-07-22 00:00:00
CSX,CSX Corporation,CSX Corporation,NASDAQ,stocks,9999,2,2025-08-28 04:00:00+00:00,"After Hours Most Active for Aug 28, 2025 : NVDA, BAC, INFY, GOOGL, CSX, MRVL, WMT, AMZN, OPEN, SLB, OPAD, KO",https://www.nasdaq.com/articles/after-hours-most-active-aug-28-2025-nvda-bac-infy-googl-csx-mrvl-wmt-amzn-open-slb-opad-ko,0,2025-10-15 00:00:00,2025-07-23 00:00:00
CTAS,Cintas Corporation,Cintas Corporation,NASDAQ,stocks,9999,4,2025-09-03 04:00:00+00:00,Oversold Conditions For Cintas (CTAS),https://www.nasdaq.com/articles/oversold-conditions-cintas-ctas,0,2025-09-24 00:00:00,2025-07-17 00:00:00
CTRA,Coterra Energy Inc.,Coterra Energy Inc.,NYSE,stocks,9999,0,2025-09-03 15:00:00+00:00,Cabot (CTRA) Up 1.7% Since Last Earnings Report: Can It Continue?,https://www.nasdaq.com/articles/cabot-ctra-17-last-earnings-report-can-it-continue,0,2025-10-30 00:00:00,2025-08-04 00:00:00
CTSH,Cognizant Technology Solutions ,Cognizant Technology Solutions Corporation,NASDAQ,stocks,9999,0,2025-08-29 04:00:00+00:00,Why Is Cognizant (CTSH) Down 0.1% Since Last Earnings Report?,https://www.nasdaq.com/articles/why-cognizant-ctsh-down-01-last-earnings-report,0,2025-10-29 00:00:00,2025-07-30 00:00:00
CTVA,"Corteva, Inc.","Corteva, Inc.",NYSE,stocks,9999,0,2025-09-03 04:00:00+00:00,How The Pieces Add Up: IMCV Targets $88,https://www.nasdaq.com/articles/how-pieces-add-imcv-targets-88,0,2025-11-05 00:00:00,2025-08-06 00:00:00
CVS,CVS Health Corporation,CVS Health Corporation,NYSE,stocks,9999,4,2025-09-03 13:00:00+00:00,CVS Health Announces Availability Of Updated Flu Vaccines At Pharmacy And Clinic Locations,https://www.nasdaq.com/articles/cvs-health-announces-availability-updated-flu-vaccines-pharmacy-and-clinic-locations,0,2025-11-05 00:00:00,2025-07-31 00:00:00
CVX,Chevron Corporation,Chevron Corporation,NYSE,stocks,9999,9,2025-09-04 07:00:00+00:00,Stocks Supported as Chances Improve for a Fed Rate Cut,https://www.nasdaq.com/articles/stocks-supported-chances-improve-fed-rate-cut,0,2025-11-07 00:00:00,2025-08-01 00:00:00
CZR,"Caesars Entertainment, Inc.","Caesars Entertainment, Inc.",NASDAQ,stocks,9999,3,2025-08-28 04:00:00+00:00,Caesars Entertainment (CZR) Down 3.3% Since Last Earnings Report: Can It Rebound?,https://www.nasdaq.com/articles/caesars-entertainment-czr-down-33-last-earnings-report-can-it-rebound,0,2025-11-04 00:00:00,2025-07-29 00:00:00
D,"Dominion Energy, Inc.","Dominion Energy, Inc.",NYSE,stocks,9999,1,2025-09-03 15:00:00+00:00,"Ex-Dividend Reminder: Dominion Energy, Commerce Bancshares and Old Republic International",https://www.nasdaq.com/articles/ex-dividend-reminder-dominion-energy-commerce-bancshares-and-old-republic-international,0,2025-11-07 00:00:00,2025-08-01 00:00:00
DAL,"Delta Air Lines, Inc.","Delta Air Lines, Inc.",NYSE,stocks,9999,3,2025-09-01 04:00:00+00:00,"Airline Stock Roundup: ALGT's Impressive July Traffic, DAL, LUV in Focus",https://www.nasdaq.com/articles/airline-stock-roundup-algts-impressive-july-traffic-dal-luv-focus,0,2025-10-09 00:00:00,2025-07-10 00:00:00
DAY,"Dayforce, Inc.",Dayforce Inc,NYSE,stocks,9999,0,2025-08-22 04:00:00+00:00,Stocks Settle Lower as Bond Yields Rise on Hawkish Fed Comments,https://www.nasdaq.com/articles/stocks-settle-lower-bond-yields-rise-hawkish-fed-comments,10,,2025-08-06 00:00:00
DD,"DuPont de Nemours, Inc.","DuPont de Nemours, Inc.",NYSE,stocks,9999,0,2025-09-03 04:00:00+00:00,DuPont de Nemours (DD) Just Flashed Golden Cross Signal: Do You Buy?,https://www.nasdaq.com/articles/dupont-de-nemours-dd-just-flashed-golden-cross-signal-do-you-buy,0,2025-11-04 00:00:00,2025-08-05 00:00:00
DE,Deere & Company,Deere & Company,NYSE,stocks,9999,1,2025-09-03 16:00:00+00:00,AGCO vs. DE: Which Stock Is the Better Value Option?,https://www.nasdaq.com/articles/agco-vs-de-which-stock-better-value-option,0,2025-11-20 00:00:00,2025-08-14 00:00:00
DFS,Discover Financial Services,Discover Financial Services,NYSE,stocks,0,0,2025-05-13 12:00:00+00:00,DFS Crosses Above Average Analyst Target,https://www.nasdaq.com/articles/dfs-crosses-above-average-analyst-target,75,,2025-04-23 00:00:00
DG,Dollar General Corporation,Dollar General Corporation,NYSE,stocks,9999,2,2025-09-04 07:00:00+00:00,"As of 2025, the Average Social Security Retirement Benefit Check Is $1,976. Could Realty Income (O) Help Boost Your Retirement?",https://www.nasdaq.com/articles/2025-average-social-security-retirement-benefit-check-1976-could-realty-income-o-help,0,2025-12-04 00:00:00,2025-08-28 00:00:00
DGX,Quest Diagnostics Incorporated,Quest Diagnostics Incorporated,NYSE,stocks,9999,1,2025-09-03 15:00:00+00:00,Encompass Health (EHC) Up 8.6% Since Last Earnings Report: Can It Continue?,https://www.nasdaq.com/articles/encompass-health-ehc-86-last-earnings-report-can-it-continue,0,2025-10-28 00:00:00,2025-07-22 00:00:00
DHI,"D.R. Horton, Inc.","D.R. Horton, Inc.",NYSE,stocks,9999,15,2025-09-03 20:00:00+00:00,DHI Factor-Based Stock Analysis - Peter Lynch,https://www.nasdaq.com/articles/dhi-factor-based-stock-analysis-peter-lynch-1,0,2025-11-04 00:00:00,2025-07-22 00:00:00
DHR,Danaher Corporation,Danaher Corporation,NYSE,stocks,9999,1,2025-09-03 04:00:00+00:00,Danaher Gains From Business Strength Amid Persisting Headwinds,https://www.nasdaq.com/articles/danaher-gains-business-strength-amid-persisting-headwinds,0,2025-10-28 00:00:00,2025-07-22 00:00:00
DIS,Walt Disney Company (The),The Walt Disney Company,NYSE,stocks,9999,10,2025-09-03 18:00:00+00:00,The Problem With Weight Loss Stocks,https://www.nasdaq.com/articles/problem-weight-loss-stocks,0,2025-11-13 00:00:00,2025-08-06 00:00:00
DLR,"Digital Realty Trust, Inc.","Digital Realty Trust, Inc.",NYSE,stocks,9999,3,2025-09-03 04:00:00+00:00,"Noteworthy ETF Outflows: REET, EQIX, SPG, DLR",https://www.nasdaq.com/articles/noteworthy-etf-outflows-reet-eqix-spg-dlr,0,2025-10-23 00:00:00,2025-07-24 00:00:00
DLTR,"Dollar Tree, Inc.","Dollar Tree, Inc.",NASDAQ,stocks,9999,3,2025-09-04 06:00:00+00:00,Stocks Supported as Chances Improve for a Fed Rate Cut,https://www.nasdaq.com/articles/stocks-supported-chances-improve-fed-rate-cut,0,2025-12-03 00:00:00,2025-09-03 00:00:00
DOC,"Healthpeak Properties, Inc.","Healthpeak Properties, Inc.",NYSE,stocks,9999,0,2025-09-02 04:00:00+00:00,3 High-Yield Dividend Stocks You Can Buy in September and Hold Forever,https://www.nasdaq.com/articles/3-high-yield-dividend-stocks-you-can-buy-september-and-hold-forever,0,2025-10-23 00:00:00,2025-07-24 00:00:00
DOV,Dover Corporation,Dover Corporation,NYSE,stocks,9999,3,2025-09-01 04:00:00+00:00,Parker-Hannifin Stock Exhibits Strong Prospects Despite Headwinds,https://www.nasdaq.com/articles/parker-hannifin-stock-exhibits-strong-prospects-despite-headwinds,0,2025-10-23 00:00:00,2025-07-24 00:00:00
DOW,Dow Inc.,Dow Inc.,NYSE,stocks,9999,4,2025-09-03 04:00:00+00:00,Macquarie Asset Management Raises Equity Stake In Diamond Infrastructure; Dow Gets $540 Mln,https://www.nasdaq.com/articles/macquarie-asset-management-raises-equity-stake-diamond-infrastructure-dow-gets-540-mln,0,2025-10-23 00:00:00,2025-07-24 00:00:00
DPZ,Domino's Pizza Inc,"Domino's Pizza, Inc.",NASDAQ,stocks,9999,2,2025-09-03 04:00:00+00:00,Domino's Launches Two New Delectable Bread Bites Flavors,https://www.nasdaq.com/articles/dominos-launches-two-new-delectable-bread-bites-flavors,0,2025-10-09 00:00:00,2025-07-21 00:00:00
DRI,"Darden Restaurants, Inc.","Darden Restaurants, Inc.",NYSE,stocks,9999,0,2025-08-31 04:00:00+00:00,3 Standout Themes That Emerged From Earnings Season,https://www.nasdaq.com/articles/3-standout-themes-emerged-earnings-season,124,2025-09-18 00:00:00,2025-06-20 00:00:00
DTE,DTE Energy Company,DTE Energy Company,NYSE,stocks,9999,0,2025-08-28 04:00:00+00:00,DTE Energy (DTE) Up 2.2% Since Last Earnings Report: Can It Continue?,https://www.nasdaq.com/articles/dte-energy-dte-22-last-earnings-report-can-it-continue,0,2025-10-23 00:00:00,2025-07-29 00:00:00
DUK,Duke Energy Corporation (Holdin,Duke Energy Corporation,NYSE,stocks,9999,3,2025-08-29 04:00:00+00:00,Can NEE's Investment in Smart Grid Ensure High-Quality Services?,https://www.nasdaq.com/articles/can-nees-investment-smart-grid-ensure-high-quality-services,0,2025-11-06 00:00:00,2025-08-05 00:00:00
DVA,DaVita Inc.,DaVita Inc.,NYSE,stocks,9999,1,2025-08-22 04:00:00+00:00,Stocks Pressured by Weak Walmart Earnings and Higher Bond Yields,https://www.nasdaq.com/articles/stocks-pressured-weak-walmart-earnings-and-higher-bond-yields,0,2025-11-04 00:00:00,2025-08-05 00:00:00
DVN,Devon Energy Corporation,Devon Energy Corporation,NYSE,stocks,9999,5,2025-09-04 06:00:00+00:00,Stocks Supported as Chances Improve for a Fed Rate Cut,https://www.nasdaq.com/articles/stocks-supported-chances-improve-fed-rate-cut,0,2025-11-04 00:00:00,2025-08-05 00:00:00
DXCM,"DexCom, Inc.","DexCom, Inc.",NASDAQ,stocks,9999,1,2025-09-01 04:00:00+00:00,Investing in the Age of Longevity: Silver Economy Stocks in Focus,https://www.nasdaq.com/articles/investing-age-longevity-silver-economy-stocks-focus,0,2025-10-23 00:00:00,2025-07-30 00:00:00
EA,Electronic Arts Inc.,Electronic Arts Inc.,NASDAQ,stocks,9999,2,2025-09-03 14:00:00+00:00,Roblox Expands Revenue Streams: Will Ads and IP Deals Boost Growth?,https://www.nasdaq.com/articles/roblox-expands-revenue-streams-will-ads-and-ip-deals-boost-growth,0,2025-11-04 00:00:00,2025-07-29 00:00:00
EBAY,eBay Inc.,eBay Inc.,NASDAQ,stocks,9999,2,2025-09-03 16:00:00+00:00,Shopify's GMV Rides on Growing Merchant Base: Sign of More Upside?,https://www.nasdaq.com/articles/shopifys-gmv-rides-growing-merchant-base-sign-more-upside,0,2025-10-29 00:00:00,2025-07-30 00:00:00
ECL,Ecolab Inc.,Ecolab Inc.,NYSE,stocks,9999,1,2025-09-03 04:00:00+00:00,ECL Quantitative Stock Analysis,https://www.nasdaq.com/articles/ecl-quantitative-stock-analysis-4,0,2025-11-04 00:00:00,2025-07-29 00:00:00
ED,"Consolidated Edison, Inc.","Consolidated Edison, Inc.",NYSE,stocks,9999,0,2025-08-30 04:00:00+00:00,7 Best Dividend Champions to Buy Now,https://www.nasdaq.com/articles/7-best-dividend-champions-buy-now,0,2025-11-05 00:00:00,2025-05-01 00:00:00
EFX,"Equifax, Inc.",Equifax Inc.,NYSE,stocks,9999,0,2025-09-03 23:00:00+00:00,Equifax: A Fair Credit Score in the Stock Market?,https://www.nasdaq.com/articles/equifax-fair-credit-score-stock-market,0,2025-10-15 00:00:00,2025-07-22 00:00:00
EG,"Everest Group, Ltd.","Everest Group, Ltd.",NYSE,stocks,9999,0,2025-08-29 04:00:00+00:00,"ORI Hits 52-Week High, Trades at a Discount: How to Play the Stock",https://www.nasdaq.com/articles/ori-hits-52-week-high-trades-discount-how-play-stock,0,2025-10-29 00:00:00,2025-07-30 00:00:00
EIX,Edison International,Edison International,NYSE,stocks,9999,0,2025-08-21 04:00:00+00:00,"Thursday Sector Laggards: Utilities, Technology & Communications",https://www.nasdaq.com/articles/thursday-sector-laggards-utilities-technology-communications,0,2025-11-04 00:00:00,2025-07-31 00:00:00
EL,"Estee Lauder Companies, Inc. (T",The Estée Lauder Companies Inc.,NYSE,stocks,9999,0,2025-09-03 04:00:00+00:00,Defensive Plays: 3 Consumer Staples Giants Showing Strength,https://www.nasdaq.com/articles/defensive-plays-3-consumer-staples-giants-showing-strength,0,2025-10-30 00:00:00,2025-08-20 00:00:00
ELF,"e.l.f. Beauty, Inc.","e.l.f. Beauty, Inc.",NYSE,stocks,9999,1,2025-08-31 04:00:00+00:00,Validea's Top Consumer Staples Stocks Based On John Neff - 8/31/2025,https://www.nasdaq.com/articles/valideas-top-consumer-staples-stocks-based-john-neff-8-31-2025,0,2025-11-05 00:00:00,2025-08-06 00:00:00
ELV,"Elevance Health, Inc.","Elevance Health, Inc.",NYSE,stocks,9999,5,2025-09-03 04:00:00+00:00,Stocks Settle Lower as Tech Shares Selloff,https://www.nasdaq.com/articles/stocks-settle-lower-tech-shares-selloff,0,2025-10-16 00:00:00,2025-07-17 00:00:00
EMN,Eastman Chemical Company,Eastman Chemical Company,NYSE,stocks,9999,0,2025-09-03 04:00:00+00:00,Eastman Chemical Named Top Dividend Stock With Insider Buying and 4.72% Yield (EMN),https://www.nasdaq.com/articles/eastman-chemical-named-top-dividend-stock-insider-buying-and-472-yield-emn,0,2025-10-30 00:00:00,2025-07-31 00:00:00
EMR,Emerson Electric Company,Emerson Electric Co.,NYSE,stocks,9999,0,2025-09-03 16:00:00+00:00,Emerson Gains From Business Strength Amid Persisting Headwinds,https://www.nasdaq.com/articles/emerson-gains-business-strength-amid-persisting-headwinds,0,2025-11-04 00:00:00,2025-08-06 00:00:00
ENPH,"Enphase Energy, Inc.","Enphase Energy, Inc.",NASDAQ,stocks,9999,4,2025-08-26 04:00:00+00:00,ENPH or SEDG: Which Stock Shines Brighter in the Solar Energy Market?,https://www.nasdaq.com/articles/enph-or-sedg-which-stock-shines-brighter-solar-energy-market,0,2025-10-28 00:00:00,2025-07-22 00:00:00
EOG,"EOG Resources, Inc.","EOG Resources, Inc.",NYSE,stocks,9999,4,2025-08-28 04:00:00+00:00,Is the Current Oil Price Favorable for COP's Upstream Business?,https://www.nasdaq.com/articles/current-oil-price-favorable-cops-upstream-business,0,2025-11-06 00:00:00,2025-08-07 00:00:00
EPAM,"EPAM Systems, Inc.","EPAM Systems, Inc.",NYSE,stocks,9999,1,2025-08-19 04:00:00+00:00,Stocks Settle Little Changed as Bond Yields Climb,https://www.nasdaq.com/articles/stocks-settle-little-changed-bond-yields-climb,0,2025-11-06 00:00:00,2025-08-07 00:00:00
EQIX,"Equinix, Inc.","Equinix, Inc.",NASDAQ,stocks,9999,2,2025-09-03 16:00:00+00:00,APLD Rides on Accelerating AI Infrastructure Demand: What's Ahead?,https://www.nasdaq.com/articles/apld-rides-accelerating-ai-infrastructure-demand-whats-ahead,0,2025-10-29 00:00:00,2025-07-30 00:00:00
EQR,Equity Residential,Equity Residential,NYSE,stocks,9999,1,2025-09-03 13:00:00+00:00,Equity Residential Boosts Shareholder Confidence With Operating Update,https://www.nasdaq.com/articles/equity-residential-boosts-shareholder-confidence-operating-update,0,2025-10-29 00:00:00,2025-08-04 00:00:00
EQT,EQT Corporation,EQT Corporation,NYSE,stocks,9999,3,2025-09-03 16:00:00+00:00,DVN Outperforms Industry in a Month: How to Play the Stock Now?,https://www.nasdaq.com/articles/dvn-outperforms-industry-month-how-play-stock-now,0,2025-11-04 00:00:00,2025-07-22 00:00:00
ES,Eversource Energy (D/B/A),Eversource Energy,NYSE,stocks,9999,0,2025-08-28 04:00:00+00:00,Why Eversource Energy (ES) is a Top Growth Stock for the Long-Term,https://www.nasdaq.com/articles/why-eversource-energy-es-top-growth-stock-long-term-0,0,2025-11-03 00:00:00,2025-07-31 00:00:00
ESS,"Essex Property Trust, Inc.","Essex Property Trust, Inc.",NYSE,stocks,9999,1,2025-08-30 04:00:00+00:00,3 Super-Reliable Real Estate Stocks to Buy and Hold for Passive Income,https://www.nasdaq.com/articles/3-super-reliable-real-estate-stocks-buy-and-hold-passive-income,0,2025-11-04 00:00:00,2025-07-29 00:00:00
ETN,"Eaton Corporation, PLC",Eaton Corporation plc,NYSE,stocks,9999,0,2025-09-03 04:00:00+00:00,"Zacks Investment Ideas feature highlights: Eli Lilly, Eaton and Interactive Brokers",https://www.nasdaq.com/articles/zacks-investment-ideas-feature-highlights-eli-lilly-eaton-and-interactive-brokers,0,2025-10-30 00:00:00,2025-08-05 00:00:00
ETSY,"Etsy, Inc.","Etsy, Inc.",NASDAQ,stocks,9999,0,2025-09-03 04:00:00+00:00,"Notable Tuesday Option Activity: AAPL, ETSY, PLTR",https://www.nasdaq.com/articles/notable-tuesday-option-activity-aapl-etsy-pltr,0,2025-10-29 00:00:00,2025-07-30 00:00:00
EVRG,"Evergy, Inc.","Evergy, Inc.",NASDAQ,stocks,9999,0,2025-09-03 15:00:00+00:00,"SPLV, ATO, EVRG, KO: Large Outflows Detected at ETF",https://www.nasdaq.com/articles/splv-ato-evrg-ko-large-outflows-detected-etf,0,2025-11-06 00:00:00,2025-08-07 00:00:00
EW,Edwards Lifesciences Corporatio,Edwards Lifesciences Corporation,NYSE,stocks,9999,2,2025-09-01 04:00:00+00:00,3 Healthcare Pathbreakers With Long-Term Tailwinds,https://www.nasdaq.com/articles/3-healthcare-pathbreakers-long-term-tailwinds,0,2025-10-23 00:00:00,2025-07-24 00:00:00
EXC,Exelon Corporation,Exelon Corporation,NASDAQ,stocks,9999,1,2025-09-03 04:00:00+00:00,How Is PPL Empowering Customers Through Energy Efficiency?,https://www.nasdaq.com/articles/how-ppl-empowering-customers-through-energy-efficiency,0,2025-10-29 00:00:00,2025-07-31 00:00:00
EXPD,Expeditors International of Was,"Expeditors International of Washington, Inc.",NASDAQ,stocks,9999,0,2025-08-19 04:00:00+00:00,UPS vs. EXPD: Which Dividend-Paying Transportation Stock Has an Edge?,https://www.nasdaq.com/articles/ups-vs-expd-which-dividend-paying-transportation-stock-has-edge,0,2025-11-04 00:00:00,2025-08-05 00:00:00
EXPE,"Expedia Group, Inc.","Expedia Group, Inc.",NASDAQ,stocks,9999,4,2025-08-26 04:00:00+00:00,"Ex-Dividend Reminder: Navigator Holdings, Expedia Group and NextEra Energy",https://www.nasdaq.com/articles/ex-dividend-reminder-navigator-holdings-expedia-group-and-nextera-energy,0,2025-11-05 00:00:00,2025-05-08 00:00:00
EXR,Extra Space Storage Inc,Extra Space Storage Inc.,NYSE,stocks,9999,0,2025-08-29 04:00:00+00:00,VOT's Holdings Could Mean 11% Gain Potential,https://www.nasdaq.com/articles/vots-holdings-could-mean-11-gain-potential,0,2025-11-04 00:00:00,2025-07-30 00:00:00
F,Ford Motor Company,Ford Motor Company,NYSE,stocks,9999,5,2025-09-03 11:00:00+00:00,7 Million Reasons Investors Should Worry About Ford,https://www.nasdaq.com/articles/7-million-reasons-investors-should-worry-about-ford,0,2025-10-27 00:00:00,2025-07-30 00:00:00
FANG,"Diamondback Energy, Inc.","Diamondback Energy, Inc.",NASDAQ,stocks,9999,4,2025-09-04 06:00:00+00:00,Stocks Supported as Chances Improve for a Fed Rate Cut,https://www.nasdaq.com/articles/stocks-supported-chances-improve-fed-rate-cut,0,2025-11-03 00:00:00,2025-08-04 00:00:00
FAST,Fastenal Company,Fastenal Company,NASDAQ,stocks,9999,2,2025-09-03 04:00:00+00:00,"1 Magnificent Stock-Split Stock Up 157,000% Since Its IPO to Buy in September, and 1 to Absolutely Avoid",https://www.nasdaq.com/articles/1-magnificent-stock-split-stock-157000-its-ipo-buy-september-and-1-absolutely-avoid,0,2025-10-13 00:00:00,2025-07-14 00:00:00
FCX,"Freeport-McMoRan, Inc.",Freeport-McMoRan Inc.,NYSE,stocks,9999,4,2025-09-03 19:00:00+00:00,"Noteworthy Wednesday Option Activity: FCX, ASAN, HD",https://www.nasdaq.com/articles/noteworthy-wednesday-option-activity-fcx-asan-hd,0,2025-10-28 00:00:00,2025-07-23 00:00:00
FDS,FactSet Research Systems Inc.,FactSet Research Systems Inc.,NYSE,stocks,9999,1,2025-09-03 04:00:00+00:00,FactSet Research Systems Becomes Oversold,https://www.nasdaq.com/articles/factset-research-systems-becomes-oversold,114,2025-09-18 00:00:00,2025-06-23 00:00:00
FDX,FedEx Corporation,FedEx Corporation,NYSE,stocks,9999,0,2025-09-04 07:00:00+00:00,"As of 2025, the Average Social Security Retirement Benefit Check Is $1,976. Could Realty Income (O) Help Boost Your Retirement?",https://www.nasdaq.com/articles/2025-average-social-security-retirement-benefit-check-1976-could-realty-income-o-help,159,2025-09-18 00:00:00,2025-06-24 00:00:00
FE,FirstEnergy Corp.,FirstEnergy Corp.,NYSE,stocks,9999,1,2025-08-29 04:00:00+00:00,FirstEnergy (FE) Up 2% Since Last Earnings Report: Can It Continue?,https://www.nasdaq.com/articles/firstenergy-fe-2-last-earnings-report-can-it-continue,0,2025-11-04 00:00:00,2025-07-30 00:00:00
FFIV,"F5, Inc.","F5, Inc.",NASDAQ,stocks,9999,3,2025-09-03 14:00:00+00:00,Zscaler Q4 Earnings Beat: Will Strong Guidance Lift the Stock Higher?,https://www.nasdaq.com/articles/zscaler-q4-earnings-beat-will-strong-guidance-lift-stock-higher,0,2025-10-27 00:00:00,2025-07-30 00:00:00
FI,"Fiserv, Inc.","Fiserv, Inc.",NYSE,stocks,9999,2,2025-09-03 20:00:00+00:00,FI Factor-Based Stock Analysis - Martin Zweig,https://www.nasdaq.com/articles/fi-factor-based-stock-analysis-martin-zweig,0,2025-10-28 00:00:00,2025-07-23 00:00:00
FICO,Fair Isaac Corproation,Fair Isaac Corporation,NYSE,stocks,9999,4,2025-08-29 04:00:00+00:00,Fair Isaac (FICO) Up 4.9% Since Last Earnings Report: Can It Continue?,https://www.nasdaq.com/articles/fair-isaac-fico-49-last-earnings-report-can-it-continue,0,2025-11-05 00:00:00,2025-07-30 00:00:00
FIS,Fidelity National Information S,"Fidelity National Information Services, Inc.",NYSE,stocks,9999,2,2025-08-21 04:00:00+00:00,"Notable ETF Inflow Detected - CGUS, GD, FIS, APD",https://www.nasdaq.com/articles/notable-etf-inflow-detected-cgus-gd-fis-apd,0,2025-11-03 00:00:00,2025-08-05 00:00:00
FITB,Fifth Third Bancorp,Fifth Third Bancorp,NASDAQ,stocks,9999,1,2025-09-03 17:00:00+00:00,"Apollo Wraps Up Bridge Buyout, Expands Real Estate Platform",https://www.nasdaq.com/articles/apollo-wraps-bridge-buyout-expands-real-estate-platform,0,2025-10-17 00:00:00,2025-01-21 00:00:00
FMC,FMC Corporation,FMC Corporation,NYSE,stocks,9999,0,2025-09-03 15:00:00+00:00,Insiders Buy the Holdings of VIOV ETF,https://www.nasdaq.com/articles/insiders-buy-holdings-viov-etf-1,0,2025-11-04 00:00:00,2025-07-30 00:00:00
FOX,Fox Corporation,Fox Corporation,NASDAQ,stocks,9999,3,2025-09-03 18:00:00+00:00,Apple's AI Future,https://www.nasdaq.com/articles/apples-ai-future,0,2025-11-03 00:00:00,2025-08-05 00:00:00
FOXA,Fox Corporation,Fox Corporation,NASDAQ,stocks,9999,5,2025-09-03 18:00:00+00:00,Apple's AI Future,https://www.nasdaq.com/articles/apples-ai-future,0,2025-11-03 00:00:00,2025-08-05 00:00:00
FSLR,"First Solar, Inc.","First Solar, Inc.",NASDAQ,stocks,9999,5,2025-09-03 04:00:00+00:00,FSLR Outperforms Market Over the Past Month: How to Play the Stock?,https://www.nasdaq.com/articles/fslr-outperforms-market-over-past-month-how-play-stock,0,2025-11-04 00:00:00,2025-07-31 00:00:00
FTNT,"Fortinet, Inc.","Fortinet, Inc.",NASDAQ,stocks,9999,5,2025-09-03 17:00:00+00:00,Stocks Retreat as Bond Yields Climb,https://www.nasdaq.com/articles/stocks-retreat-bond-yields-climb,0,2025-11-06 00:00:00,2025-08-06 00:00:00
FTV,Fortive Corporation,Fortive Corporation,NYSE,stocks,9999,0,2025-08-21 04:00:00+00:00,Do Options Traders Know Something About Fortive Stock We Don't?,https://www.nasdaq.com/articles/do-options-traders-know-something-about-fortive-stock-we-dont,0,2025-10-29 00:00:00,2025-07-30 00:00:00
GD,General Dynamics Corporation,General Dynamics Corporation,NYSE,stocks,9999,3,2025-09-01 04:00:00+00:00,BAE Systems Supplies CV90 MkIV Combat Vehicle to Czech Army,https://www.nasdaq.com/articles/bae-systems-supplies-cv90-mkiv-combat-vehicle-czech-army,0,2025-10-22 00:00:00,2025-07-23 00:00:00
GE,General Electric Company,General Electric Company,NYSE,stocks,9999,8,2025-09-03 13:00:00+00:00,Is Most-Watched Stock GE Aerospace (GE) Worth Betting on Now?,https://www.nasdaq.com/articles/most-watched-stock-ge-aerospace-ge-worth-betting-now,0,2025-10-28 00:00:00,2025-07-17 00:00:00
GEHC,GE HealthCare Technologies Inc.,GE HealthCare Technologies Inc.,NASDAQ,stocks,9999,3,2025-09-03 16:00:00+00:00,S&P 500 Analyst Moves: GEHC,https://www.nasdaq.com/articles/sp-500-analyst-moves-gehc,0,2025-10-29 00:00:00,2025-07-30 00:00:00
GEN,Gen Digital Inc.,Gen Digital Inc.,NASDAQ,stocks,0,0,2024-09-12 14:20:00+00:00,Reminder - Hess Goes Ex-Dividend Soon,https://www.nasdaq.com/articles/reminder-hess-goes-ex-dividend-soon-2,0,2025-10-29 00:00:00,2025-08-07 00:00:00
GILD,"Gilead Sciences, Inc.","Gilead Sciences, Inc.",NASDAQ,stocks,9999,1,2025-08-31 04:00:00+00:00,Upcoming Dividend Run For GILD?,https://www.nasdaq.com/articles/upcoming-dividend-run-gild,0,2025-11-05 00:00:00,2025-08-07 00:00:00
GIS,"General Mills, Inc.","General Mills, Inc.",NYSE,stocks,9999,4,2025-09-03 12:00:00+00:00,Campbell's (CPB) Q4 Earnings Beat Estimates,https://www.nasdaq.com/articles/campbells-cpb-q4-earnings-beat-estimates,159,2025-09-17 00:00:00,2025-06-25 00:00:00
GL,Globe Life Inc.,Globe Life Inc.,NYSE,stocks,9999,2,2025-08-27 04:00:00+00:00,Overlooked Analyst-Approved Dividend Plays You Can Count On,https://www.nasdaq.com/articles/overlooked-analyst-approved-dividend-plays-you-can-count,0,2025-10-22 00:00:00,2025-07-23 00:00:00
GLW,Corning Incorporated,Corning Incorporated,NYSE,stocks,9999,6,2025-09-03 12:00:00+00:00,"If You Invested $1000 in Corning 10 Years Ago, This Is How Much You'd Have Now",https://www.nasdaq.com/articles/if-you-invested-1000-corning-10-years-ago-how-much-youd-have-now,0,2025-11-04 00:00:00,2025-07-29 00:00:00
GM,General Motors Company,General Motors Company,NYSE,stocks,9999,4,2025-09-03 15:00:00+00:00,"Ex-Dividend Reminder: General Motors, Molson Coors Beverage and Flowers Foods",https://www.nasdaq.com/articles/ex-dividend-reminder-general-motors-molson-coors-beverage-and-flowers-foods,0,2025-10-28 00:00:00,2025-07-22 00:00:00
GNRC,Generac Holdlings Inc.,Generac Holdings Inc.,NYSE,stocks,9999,1,2025-09-03 04:00:00+00:00,"Tuesday Sector Laggards: Technology & Communications, Industrial",https://www.nasdaq.com/articles/tuesday-sector-laggards-technology-communications-industrial-0,0,2025-10-30 00:00:00,2025-07-30 00:00:00
GOOG,Alphabet Inc.,Sundar Pichai,NASDAQ,stocks,9999,38,2025-09-04 09:00:00+00:00,The 6 Best Stocks to Buy Right Now in September (2025)!,https://www.nasdaq.com/articles/6-best-stocks-buy-right-now-september-2025,0,2025-11-04 00:00:00,2025-07-23 00:00:00
GPC,Genuine Parts Company,Genuine Parts Company,NYSE,stocks,9999,3,2025-09-03 15:00:00+00:00,"Ex-Dividend Reminder: Genuine Parts, PepsiCo and Autoliv",https://www.nasdaq.com/articles/ex-dividend-reminder-genuine-parts-pepsico-and-autoliv,0,2025-10-28 00:00:00,2025-07-22 00:00:00
GPN,Global Payments Inc.,Global Payments Inc.,NYSE,stocks,9999,0,2025-09-01 04:00:00+00:00,Why Global Payments (GPN) is a Top Momentum Stock for the Long-Term,https://www.nasdaq.com/articles/why-global-payments-gpn-top-momentum-stock-long-term,0,2025-10-29 00:00:00,2025-08-06 00:00:00
GRMN,Garmin Ltd.,Garmin Ltd.,NYSE,stocks,9999,2,2025-09-03 04:00:00+00:00,Garmin (GRMN) Upgraded to Buy: What Does It Mean for the Stock?,https://www.nasdaq.com/articles/garmin-grmn-upgraded-buy-what-does-it-mean-stock,0,2025-10-29 00:00:00,2025-07-30 00:00:00
GS,"Goldman Sachs Group, Inc. (The)","The Goldman Sachs Group, Inc.",NYSE,stocks,9999,5,2025-09-04 08:00:00+00:00,Where Will Eli Lilly Be in 3 Years?,https://www.nasdaq.com/articles/where-will-eli-lilly-be-3-years,0,2025-10-13 00:00:00,2025-01-15 00:00:00
GWW,"W.W. Grainger, Inc.","W.W. Grainger, Inc.",NYSE,stocks,9999,1,2025-09-03 04:00:00+00:00,Validea's Top Industrial Stocks Based On Peter Lynch - 9/2/2025,https://www.nasdaq.com/articles/valideas-top-industrial-stocks-based-peter-lynch-9-2-2025,0,2025-10-30 00:00:00,2025-08-01 00:00:00
HAL,Halliburton Company,Halliburton Company,NYSE,stocks,9999,4,2025-09-04 06:00:00+00:00,Stocks Supported as Chances Improve for a Fed Rate Cut,https://www.nasdaq.com/articles/stocks-supported-chances-improve-fed-rate-cut,0,2025-11-06 00:00:00,2025-07-22 00:00:00
HAS,"Hasbro, Inc.","Hasbro, Inc.",NASDAQ,stocks,9999,4,2025-09-03 04:00:00+00:00,Why Hasbro (HAS) Dipped More Than Broader Market Today,https://www.nasdaq.com/articles/why-hasbro-has-dipped-more-broader-market-today,0,2025-10-23 00:00:00,2025-07-23 00:00:00
HBAN,Huntington Bancshares Incorpora,Huntington Bancshares Incorporated,NASDAQ,stocks,9999,0,2025-09-03 17:00:00+00:00,"Apollo Wraps Up Bridge Buyout, Expands Real Estate Platform",https://www.nasdaq.com/articles/apollo-wraps-bridge-buyout-expands-real-estate-platform,0,2025-10-17 00:00:00,2025-01-17 00:00:00
HCA,"HCA Healthcare, Inc.","HCA Healthcare, Inc.",NYSE,stocks,9999,1,2025-09-03 04:00:00+00:00,Tenet Healthcare Jumps 46% YTD & Trades Cheap: Should You Buy Now?,https://www.nasdaq.com/articles/tenet-healthcare-jumps-46-ytd-trades-cheap-should-you-buy-now,0,2025-10-24 00:00:00,2025-07-25 00:00:00
HD,"Home Depot, Inc. (The)","The Home Depot, Inc.",NYSE,stocks,9999,7,2025-09-04 07:00:00+00:00,"As of 2025, the Average Social Security Retirement Benefit Check Is $1,976. Could Realty Income (O) Help Boost Your Retirement?",https://www.nasdaq.com/articles/2025-average-social-security-retirement-benefit-check-1976-could-realty-income-o-help,0,2025-11-11 00:00:00,2025-08-19 00:00:00
HES,Hess Corporation,Hess Corporation,NYSE,stocks,0,0,2025-06-18 04:00:00+00:00,Hess Outperforms Industry in 6 Months: Should You Buy the Stock?,https://www.nasdaq.com/articles/hess-outperforms-industry-6-months-should-you-buy-stock,156,,2025-04-30 00:00:00
HIG,Hartford Financial Services Gro,"The Hartford Financial Services Group, Inc.",NYSE,stocks,9999,1,2025-08-29 04:00:00+00:00,"Ex-Dividend Reminder: Hartford Insurance Group, Houlihan Lokey and SS&C Technologies Holdings",https://www.nasdaq.com/articles/ex-dividend-reminder-hartford-insurance-group-houlihan-lokey-and-ssc-technologies-holdings,0,2025-10-23 00:00:00,2025-07-28 00:00:00
HII,"Huntington Ingalls Industries, ","Huntington Ingalls Industries, Inc.",NYSE,stocks,9999,1,2025-09-03 15:00:00+00:00,"Wednesday 9/3 Insider Buying Report: HII, FG",https://www.nasdaq.com/articles/wednesday-9-3-insider-buying-report-hii-fg,0,2025-10-30 00:00:00,2025-07-31 00:00:00
HLT,Hilton Worldwide Holdings Inc.,Hilton Worldwide Holdings Inc.,NYSE,stocks,9999,0,2025-08-27 04:00:00+00:00,"Noteworthy ETF Outflows: FQAL, AZO, SPGI, HLT",https://www.nasdaq.com/articles/noteworthy-etf-outflows-fqal-azo-spgi-hlt,0,2025-10-22 00:00:00,2025-07-23 00:00:00
HON,Honeywell International Inc.,Honeywell International Inc.,NASDAQ,stocks,9999,5,2025-09-03 14:00:00+00:00,Here's Why You Should Hold Honeywell Stock in Your Portfolio Now,https://www.nasdaq.com/articles/heres-why-you-should-hold-honeywell-stock-your-portfolio-now,0,2025-10-23 00:00:00,2025-07-24 00:00:00
HOOD,"Robinhood Markets, Inc.","Robinhood Markets, Inc.",NASDAQ,stocks,9999,17,2025-09-03 17:00:00+00:00,Will COIN's New Index Combining Mag 7 and Crypto Futures Power Growth?,https://www.nasdaq.com/articles/will-coins-new-index-combining-mag-7-and-crypto-futures-power-growth,0,2025-10-29 00:00:00,2025-07-30 00:00:00
HPE,Hewlett Packard Enterprise Comp,Hewlett Packard Enterprise Company,NYSE,stocks,9999,11,2025-09-03 23:00:00+00:00,HPE (HPE) Q3 2025 Earnings Call Transcript,https://www.nasdaq.com/articles/hpe-hpe-q3-2025-earnings-call-transcript,0,2025-12-04 00:00:00,2025-09-03 00:00:00
HPQ,HP Inc.,HP Inc.,NYSE,stocks,9999,3,2025-09-01 04:00:00+00:00,Why HP (HPQ) International Revenue Trends Deserve Your Attention,https://www.nasdaq.com/articles/why-hp-hpq-international-revenue-trends-deserve-your-attention,0,2025-11-25 00:00:00,2025-08-27 00:00:00
HRL,Hormel Foods Corporation,Hormel Foods Corporation,NYSE,stocks,9999,0,2025-09-03 12:00:00+00:00,Agnico Eagle Mines and Hormel Foods have been highlighted as Zacks Bull and Bear of the Day,https://www.nasdaq.com/articles/agnico-eagle-mines-and-hormel-foods-have-been-highlighted-zacks-bull-and-bear-day,0,2025-12-03 00:00:00,2025-08-28 00:00:00
HSIC,"Henry Schein, Inc.","Henry Schein, Inc.",NASDAQ,stocks,9999,0,2025-08-05 04:00:00+00:00,"Noteworthy Tuesday Option Activity: HSIC, TOST, VOYA",https://www.nasdaq.com/articles/noteworthy-tuesday-option-activity-hsic-tost-voya,0,2025-11-04 00:00:00,2025-08-05 00:00:00
HST,"Host Hotels & Resorts, Inc.","Host Hotels & Resorts, Inc.",NASDAQ,stocks,9999,0,2025-09-03 04:00:00+00:00,Host Hotels Is Up 9.8% in Three Months: Will the Stock Continue?,https://www.nasdaq.com/articles/host-hotels-98-three-months-will-stock-continue,0,2025-11-05 00:00:00,2025-07-30 00:00:00
HSY,The Hershey Company,The Hershey Company,NYSE,stocks,9999,2,2025-08-29 04:00:00+00:00,Hershey (HSY) Down 3.3% Since Last Earnings Report: Can It Rebound?,https://www.nasdaq.com/articles/hershey-hsy-down-33-last-earnings-report-can-it-rebound,0,2025-11-06 00:00:00,2025-07-30 00:00:00
HUBB,Hubbell Inc,Hubbell Incorporated,NYSE,stocks,9999,0,2025-08-28 04:00:00+00:00,Otis to Elevate Connectivity on Singapore's Cross Island Line Phase 1,https://www.nasdaq.com/articles/otis-elevate-connectivity-singapores-cross-island-line-phase-1,0,2025-11-04 00:00:00,2025-07-29 00:00:00
HUM,Humana Inc.,Humana Inc.,NYSE,stocks,9999,3,2025-09-04 08:00:00+00:00,These Were the 5 Top-Performing Stocks in the S&P 500 in August 2025,https://www.nasdaq.com/articles/these-were-5-top-performing-stocks-sp-500-august-2025,0,2025-10-29 00:00:00,2025-07-30 00:00:00
HWM,Howmet Aerospace Inc.,Howmet Aerospace Inc.,NYSE,stocks,9999,5,2025-08-29 04:00:00+00:00,Defense Dividends: 3 Strong Performers That Are Raising Payouts,https://www.nasdaq.com/articles/defense-dividends-3-strong-performers-are-raising-payouts,0,2025-11-05 00:00:00,2025-07-31 00:00:00
IBKR,"Interactive Brokers Group, Inc.","Interactive Brokers Group, Inc.",NASDAQ,stocks,9999,9,2025-09-03 12:00:00+00:00,5 Momentum Stocks to Buy for September After a Solid August,https://www.nasdaq.com/articles/5-momentum-stocks-buy-september-after-solid-august,0,2025-10-21 00:00:00,2025-07-17 00:00:00
IBM,International Business Machines,International Business Machines Corporation,NYSE,stocks,9999,9,2025-09-03 12:00:00+00:00,These Were the Market's 5 Biggest Giants of 1985 -- Here's Who Holds the Crown Now,https://www.nasdaq.com/articles/these-were-markets-5-biggest-giants-1985-heres-who-holds-crown-now,0,2025-10-22 00:00:00,2025-07-23 00:00:00
ICE,Intercontinental Exchange Inc.,"Intercontinental Exchange, Inc.",NYSE,stocks,9999,2,2025-08-28 04:00:00+00:00,Intercontinental Exchange Trades Above 200-Day SMA: Time to Hold?,https://www.nasdaq.com/articles/intercontinental-exchange-trades-above-200-day-sma-time-hold,0,2025-10-30 00:00:00,2025-07-31 00:00:00
IDXX,"IDEXX Laboratories, Inc.","IDEXX Laboratories, Inc.",NASDAQ,stocks,9999,2,2025-09-04 08:00:00+00:00,These Were the 5 Top-Performing Stocks in the S&P 500 in August 2025,https://www.nasdaq.com/articles/these-were-5-top-performing-stocks-sp-500-august-2025,0,2025-10-30 00:00:00,2025-08-04 00:00:00
IEX,IDEX Corporation,IDEX Corporation,NYSE,stocks,9999,0,2025-08-29 04:00:00+00:00,Why Is Idex (IEX) Up 1.1% Since Last Earnings Report?,https://www.nasdaq.com/articles/why-idex-iex-11-last-earnings-report,0,2025-11-04 00:00:00,2025-07-30 00:00:00
IFF,International Flavors & Fragran,International Flavors & Fragrances Inc.,NYSE,stocks,9999,1,2025-08-21 04:00:00+00:00,Add Up The Pieces: VOO Could Be Worth $650,https://www.nasdaq.com/articles/add-pieces-voo-could-be-worth-650,0,2025-11-04 00:00:00,2025-08-05 00:00:00
ILMN,"Illumina, Inc.","Illumina, Inc.",NASDAQ,stocks,9999,2,2025-09-03 15:00:00+00:00,CRISPR Therapeutics (CRSP) Down 5.3% Since Last Earnings Report: Can It Rebound?,https://www.nasdaq.com/articles/crispr-therapeutics-crsp-down-53-last-earnings-report-can-it-rebound,0,2025-11-03 00:00:00,2025-07-31 00:00:00
INCY,Incyte Corporation,Incyte Corporation,NASDAQ,stocks,9999,0,2025-09-03 15:00:00+00:00,Why Is TG Therapeutics (TGTX) Up 4.7% Since Last Earnings Report?,https://www.nasdaq.com/articles/why-tg-therapeutics-tgtx-47-last-earnings-report,0,2025-11-04 00:00:00,2025-07-29 00:00:00
INTC,Intel Corporation,Intel Corporation,NASDAQ,stocks,9999,5,2025-09-04 08:00:00+00:00,Where Will ASML Stock Be in 5 Years?,https://www.nasdaq.com/articles/where-will-asml-stock-be-5-years,0,2025-10-30 00:00:00,2025-07-24 00:00:00
INTU,Intuit Inc.,Intuit Inc.,NASDAQ,stocks,9999,4,2025-09-03 15:00:00+00:00,"IWF, MA, COST, INTU: Large Inflows Detected at ETF",https://www.nasdaq.com/articles/iwf-ma-cost-intu-large-inflows-detected-etf,0,2025-11-20 00:00:00,2025-08-21 00:00:00
INVH,Invitation Homes Inc.,Invitation Homes Inc.,NYSE,stocks,9999,0,2025-09-01 04:00:00+00:00,Forever Dividend Stocks: 3 Income Stocks I Never Plan to Sell,https://www.nasdaq.com/articles/forever-dividend-stocks-3-income-stocks-i-never-plan-sell,0,2025-10-29 00:00:00,2025-07-30 00:00:00
IP,International Paper Company,International Paper Company,NYSE,stocks,9999,0,2025-08-22 04:00:00+00:00,Stocks Settle Lower as Bond Yields Rise on Hawkish Fed Comments,https://www.nasdaq.com/articles/stocks-settle-lower-bond-yields-rise-hawkish-fed-comments,0,2025-10-30 00:00:00,2025-07-31 00:00:00
IPG,"Interpublic Group of Companies,","The Interpublic Group of Companies, Inc.",NYSE,stocks,9999,1,2025-09-03 15:00:00+00:00,Here's Why Interpublic Group Stock Is a Great Pick At Present,https://www.nasdaq.com/articles/heres-why-interpublic-group-stock-great-pick-present,0,2025-10-28 00:00:00,2025-07-22 00:00:00
IQV,"IQVIA Holdings, Inc.",IQVIA Holdings Inc.,NYSE,stocks,9999,0,2025-09-03 04:00:00+00:00,IQVIA Holdings Appoints Michael Fedock To Succeed Ron Bruehlman As CFO,https://www.nasdaq.com/articles/iqvia-holdings-appoints-michael-fedock-succeed-ron-bruehlman-cfo,0,2025-10-30 00:00:00,2025-07-22 00:00:00
IR,Ingersoll Rand Inc.,Ingersoll Rand Inc.,NYSE,stocks,9999,1,2025-09-01 04:00:00+00:00,The Implied Analyst 12-Month Target For ESGU,https://www.nasdaq.com/articles/implied-analyst-12-month-target-esgu,0,2025-10-30 00:00:00,2025-07-31 00:00:00
IRM,Iron Mountain Incorporated (Del,Iron Mountain Incorporated,NYSE,stocks,9999,1,2025-08-07 04:00:00+00:00,"Jones Lang Q2 Earnings Surpass Estimates, Revenues Increase Y/Y",https://www.nasdaq.com/articles/jones-lang-q2-earnings-surpass-estimates-revenues-increase-y-y,0,2025-11-05 00:00:00,2025-08-06 00:00:00
ISRG,"Intuitive Surgical, Inc.","Intuitive Surgical, Inc.",NASDAQ,stocks,9999,1,2025-09-04 06:00:00+00:00,Stocks Supported as Chances Improve for a Fed Rate Cut,https://www.nasdaq.com/articles/stocks-supported-chances-improve-fed-rate-cut,0,2025-10-16 00:00:00,2025-07-22 00:00:00
IT,"Gartner, Inc.","Gartner, Inc.",NYSE,stocks,9999,2,2025-09-04 07:00:00+00:00,AI Spending Could Soar 600%: 2 Brilliant AI Stocks to Buy in September (Hint: Not Nvidia or Palantir),https://www.nasdaq.com/articles/ai-spending-could-soar-600-2-brilliant-ai-stocks-buy-september-hint-not-nvidia-or-palantir,0,2025-11-04 00:00:00,2025-08-05 00:00:00
ITW,Illinois Tool Works Inc.,Illinois Tool Works Inc.,NYSE,stocks,9999,2,2025-08-26 04:00:00+00:00,Validea's Top Industrial Stocks Based On Warren Buffett - 8/26/2025,https://www.nasdaq.com/articles/valideas-top-industrial-stocks-based-warren-buffett-8-26-2025,0,2025-10-29 00:00:00,2025-07-30 00:00:00
IVZ,Invesco Ltd,Invesco Ltd.,NYSE,stocks,9999,2,2025-09-03 04:00:00+00:00,"Noteworthy ETF Inflows: RSP, GNRC, IVZ, WDC",https://www.nasdaq.com/articles/noteworthy-etf-inflows-rsp-gnrc-ivz-wdc,0,2025-10-28 00:00:00,2025-07-22 00:00:00
J,Jacobs Solutions Inc.,Jacobs Solutions Inc.,NYSE,stocks,9999,1,2025-09-03 04:00:00+00:00,J or SYM: Which Is the Better Value Stock Right Now?,https://www.nasdaq.com/articles/j-or-sym-which-better-value-stock-right-now,0,2025-11-18 00:00:00,2025-08-05 00:00:00
JBHT,"J.B. Hunt Transport Services, I","J.B. Hunt Transport Services, Inc.",NASDAQ,stocks,9999,1,2025-08-28 04:00:00+00:00,Werner (WERN) Up 4.5% Since Last Earnings Report: Can It Continue?,https://www.nasdaq.com/articles/werner-wern-45-last-earnings-report-can-it-continue,0,2025-10-21 00:00:00,2025-07-15 00:00:00
JBL,Jabil Inc.,Jabil Inc.,NYSE,stocks,9999,6,2025-09-03 13:00:00+00:00,SAP Expands Sovereign Cloud to Power Europe's Digital & AI Innovation,https://www.nasdaq.com/articles/sap-expands-sovereign-cloud-power-europes-digital-ai-innovation,0,2025-12-16 00:00:00,2025-06-17 00:00:00
JCI,Johnson Controls International ,Johnson Controls International plc,NYSE,stocks,9999,1,2025-08-30 04:00:00+00:00,Johnson Controls: A Comprehensive Rating and Future Outlook,https://www.nasdaq.com/articles/johnson-controls-comprehensive-rating-and-future-outlook,0,2025-11-05 00:00:00,2025-07-29 00:00:00
JKHY,"Jack Henry & Associates, Inc.","Jack Henry & Associates, Inc.",NASDAQ,stocks,9999,0,2025-09-03 15:00:00+00:00,"Ex-Dividend Reminder: Kimco Realty, Hancock Whitney and Jack Henry & Associates",https://www.nasdaq.com/articles/ex-dividend-reminder-kimco-realty-hancock-whitney-and-jack-henry-associates,0,2025-11-04 00:00:00,2025-08-19 00:00:00
JNJ,Johnson & Johnson,Johnson & Johnson,NYSE,stocks,9999,8,2025-09-04 08:00:00+00:00,Could These 3 Dividend Kings Be Worth $1 Trillion in 10 Years?,https://www.nasdaq.com/articles/could-these-3-dividend-kings-be-worth-1-trillion-10-years,0,2025-10-14 00:00:00,2025-07-16 00:00:00
JNPR,"Juniper Networks, Inc.","Juniper Networks, Inc.",NYSE,stocks,0,0,2025-06-20 04:00:00+00:00,Wix Acquires Base44 to Boost AI-Driven Intent-Based Software Development,https://www.nasdaq.com/articles/wix-acquires-base44-boost-ai-driven-intent-based-software-development,102,,2025-05-01 00:00:00
JPM,JP Morgan Chase & Co.,JPMorgan Chase & Co.,NYSE,stocks,9999,16,2025-09-03 19:00:00+00:00,"Noteworthy Wednesday Option Activity: AEO, JPM, SBUX",https://www.nasdaq.com/articles/noteworthy-wednesday-option-activity-aeo-jpm-sbux,0,2025-10-14 00:00:00,2025-07-15 00:00:00
K,Kellanova,Kellanova,NYSE,stocks,9999,0,2025-09-03 17:00:00+00:00,"Noteworthy Wednesday Option Activity: CRM, VLO, K",https://www.nasdaq.com/articles/noteworthy-wednesday-option-activity-crm-vlo-k,0,2025-10-30 00:00:00,2025-07-31 00:00:00
KDP,Keurig Dr Pepper Inc.,Keurig Dr Pepper Inc.,NASDAQ,stocks,9999,6,2025-09-03 14:00:00+00:00,5 Soft Drink Stocks Battling for Relevance Amid Consumer Taste Shift,https://www.nasdaq.com/articles/5-soft-drink-stocks-battling-relevance-amid-consumer-taste-shift,0,2025-10-23 00:00:00,2025-07-24 00:00:00
KEY,KeyCorp,KeyCorp,NYSE,stocks,9999,1,2025-09-03 21:00:00+00:00,Why Diamondback Energy Stock Dipped on Wednesday,https://www.nasdaq.com/articles/why-diamondback-energy-stock-dipped-wednesday,0,2025-10-16 00:00:00,2025-07-22 00:00:00
KEYS,Keysight Technologies Inc.,"Keysight Technologies, Inc.",NYSE,stocks,9999,0,2025-09-01 04:00:00+00:00,Deciphering Keysight (KEYS) International Revenue Trends,https://www.nasdaq.com/articles/deciphering-keysight-keys-international-revenue-trends,0,2025-11-18 00:00:00,2025-08-19 00:00:00
KHC,The Kraft Heinz Company,The Kraft Heinz Company,NASDAQ,stocks,9999,4,2025-09-04 06:00:00+00:00,Stocks Supported as Chances Improve for a Fed Rate Cut,https://www.nasdaq.com/articles/stocks-supported-chances-improve-fed-rate-cut,0,2025-10-29 00:00:00,2025-07-30 00:00:00
KIM,Kimco Realty Corporation (HC),Kimco Realty Corporation,NYSE,stocks,9999,2,2025-09-03 15:00:00+00:00,Why Is Simon Property (SPG) Up 5.7% Since Last Earnings Report?,https://www.nasdaq.com/articles/why-simon-property-spg-57-last-earnings-report,133,,2025-07-31 00:00:00
KLAC,KLA Corporation,KLA Corporation,NASDAQ,stocks,9999,6,2025-09-03 17:00:00+00:00,Stocks Retreat as Bond Yields Climb,https://www.nasdaq.com/articles/stocks-retreat-bond-yields-climb,0,2025-10-29 00:00:00,2025-07-31 00:00:00
KMB,Kimberly-Clark Corporation,Kimberly-Clark Corporation,NYSE,stocks,9999,3,2025-09-03 14:00:00+00:00,"Ex-Dividend Reminder: Kimberly-Clark, Tapestry and Acushnet Holdings",https://www.nasdaq.com/articles/ex-dividend-reminder-kimberly-clark-tapestry-and-acushnet-holdings,0,2025-10-28 00:00:00,2025-08-01 00:00:00
KMI,"Kinder Morgan, Inc.","Kinder Morgan, Inc.",NYSE,stocks,9999,3,2025-09-03 14:00:00+00:00,Enbridge Nears 52-Week High Mark: Should Investors Bet on the Stock?,https://www.nasdaq.com/articles/enbridge-nears-52-week-high-mark-should-investors-bet-stock,0,2025-10-15 00:00:00,2025-07-16 00:00:00
KO,Coca-Cola Company (The),The Coca-Cola Company,NYSE,stocks,9999,13,2025-09-04 07:00:00+00:00,"As of 2025, the Average Social Security Retirement Benefit Check Is $1,976. Could Realty Income (O) Help Boost Your Retirement?",https://www.nasdaq.com/articles/2025-average-social-security-retirement-benefit-check-1976-could-realty-income-o-help,0,2025-10-22 00:00:00,2025-07-22 00:00:00
KR,Kroger Company (The),The Kroger Co.,NYSE,stocks,9999,4,2025-09-03 04:00:00+00:00,"This Is Warren Buffett's Main Lesson for Investors, and It's Not What You Think",https://www.nasdaq.com/articles/warren-buffetts-main-lesson-investors-and-its-not-what-you-think,158,2025-12-03 00:00:00,2025-06-20 00:00:00
LDOS,"Leidos Holdings, Inc.","Leidos Holdings, Inc.",NYSE,stocks,9999,3,2025-09-03 15:00:00+00:00,LDOS vs. NOW: Which Stock Is the Better Value Option?,https://www.nasdaq.com/articles/ldos-vs-now-which-stock-better-value-option,0,2025-11-04 00:00:00,2025-08-05 00:00:00
LH,Laboratory Corporation of Ameri,Laboratory Corporation of America Holdings,NYSE,stocks,9999,0,2025-09-03 04:00:00+00:00,Why Labcorp Holdings (LH) is a Top Value Stock for the Long-Term,https://www.nasdaq.com/articles/why-labcorp-holdings-lh-top-value-stock-long-term-0,0,2025-10-23 00:00:00,2025-07-24 00:00:00
LHX,"L3Harris Technologies, Inc.","L3Harris Technologies, Inc.",NYSE,stocks,9999,2,2025-09-03 15:00:00+00:00,"Ex-Dividend Reminder: Mueller Industries, L3Harris Technologies and Exponent",https://www.nasdaq.com/articles/ex-dividend-reminder-mueller-industries-l3harris-technologies-and-exponent,0,2025-10-23 00:00:00,2025-07-24 00:00:00
LIN,Linde plc,Linde plc,NASDAQ,stocks,9999,1,2025-09-03 04:00:00+00:00,"Ex-Dividend Reminder: Insperity, Avery Dennison and Linde",https://www.nasdaq.com/articles/ex-dividend-reminder-insperity-avery-dennison-and-linde,0,2025-10-30 00:00:00,2025-08-01 00:00:00
LKQ,LKQ Corporation,LKQ Corporation,NASDAQ,stocks,9999,0,2025-08-28 04:00:00+00:00,"Thursday 8/28 Insider Buying Report: LKQ, MDRR",https://www.nasdaq.com/articles/thursday-8-28-insider-buying-report-lkq-mdrr,0,2025-10-30 00:00:00,2025-07-24 00:00:00
LLY,Eli Lilly and Company,Eli Lilly and Company,NYSE,stocks,9999,13,2025-09-04 09:00:00+00:00,The 6 Best Stocks to Buy Right Now in September (2025)!,https://www.nasdaq.com/articles/6-best-stocks-buy-right-now-september-2025,0,2025-10-28 00:00:00,2025-05-01 00:00:00
LMT,Lockheed Martin Corporation,Lockheed Martin Corporation,NYSE,stocks,9999,7,2025-09-03 18:00:00+00:00,Apple's AI Future,https://www.nasdaq.com/articles/apples-ai-future,0,2025-10-28 00:00:00,2025-07-22 00:00:00
LNT,Alliant Energy Corporation,Alliant Energy Corporation,NASDAQ,stocks,9999,1,2025-09-03 04:00:00+00:00,Alliant Energy Rides on Renewable Expansion & Strategic Investments,https://www.nasdaq.com/articles/alliant-energy-rides-renewable-expansion-strategic-investments,0,2025-10-30 00:00:00,2025-08-07 00:00:00
LOW,"Lowe's Companies, Inc.","Lowe's Companies, Inc.",NYSE,stocks,9999,3,2025-09-03 15:00:00+00:00,Pro vs. DIY: Which Customer Segment Will Power Lowe's in 2025?,https://www.nasdaq.com/articles/pro-vs-diy-which-customer-segment-will-power-lowes-2025,0,2025-11-18 00:00:00,2025-08-20 00:00:00
LRCX,Lam Research Corporation,Lam Research Corporation,NASDAQ,stocks,9999,9,2025-09-04 08:00:00+00:00,Where Will ASML Stock Be in 5 Years?,https://www.nasdaq.com/articles/where-will-asml-stock-be-5-years,0,2025-10-21 00:00:00,2025-04-23 00:00:00
LULU,lululemon athletica inc.,Lululemon Athletica Inc.,NASDAQ,stocks,9999,22,2025-09-04 09:00:00+00:00,Why Lululemon's Battle With Costco Could Make or Break Its Stock,https://www.nasdaq.com/articles/why-lululemons-battle-costco-could-make-or-break-its-stock,0,2025-12-04 00:00:00,2025-09-04 00:00:00
LUV,Southwest Airlines Company,Southwest Airlines Co.,NYSE,stocks,9999,3,2025-09-03 04:00:00+00:00,"Ex-Dividend Reminder: Old Dominion Freight Line, Southwest Airlines and WillScot Holdings",https://www.nasdaq.com/articles/ex-dividend-reminder-old-dominion-freight-line-southwest-airlines-and-willscot-holdings,0,2025-10-23 00:00:00,2025-07-23 00:00:00
LVS,Las Vegas Sands Corp.,Las Vegas Sands Corp.,NYSE,stocks,9999,0,2025-09-03 16:00:00+00:00,How To YieldBoost LVS To 9.1% Using Options,https://www.nasdaq.com/articles/how-yieldboost-lvs-91-using-options,0,2025-10-22 00:00:00,2025-07-23 00:00:00
LW,"Lamb Weston Holdings, Inc.","Lamb Weston Holdings, Inc.",NYSE,stocks,9999,0,2025-09-03 16:00:00+00:00,Medifast (MED) Up 6.5% Since Last Earnings Report: Can It Continue?,https://www.nasdaq.com/articles/medifast-med-65-last-earnings-report-can-it-continue,0,2025-09-30 00:00:00,2025-07-23 00:00:00
LYB,LyondellBasell Industries NV,LyondellBasell Industries N.V.,NYSE,stocks,9999,1,2025-09-03 19:00:00+00:00,"Wednesday Sector Laggards: Energy, Materials",https://www.nasdaq.com/articles/wednesday-sector-laggards-energy-materials-0,0,2025-10-30 00:00:00,2025-04-25 00:00:00
LYV,"Live Nation Entertainment, Inc.","Live Nation Entertainment, Inc.",NYSE,stocks,9999,1,2025-08-27 04:00:00+00:00,Interesting LYV Put And Call Options For August 2026,https://www.nasdaq.com/articles/interesting-lyv-put-and-call-options-august-2026,0,2025-11-10 00:00:00,2025-08-07 00:00:00
MA,Mastercard Incorporated,Mastercard Incorporated,NYSE,stocks,9999,7,2025-09-03 17:00:00+00:00,Mastercard Ties Up To Advance Zain Cash's Card Suite in Jordan,https://www.nasdaq.com/articles/mastercard-ties-advance-zain-cashs-card-suite-jordan,0,2025-10-30 00:00:00,2025-07-31 00:00:00
MAR,Marriott International,"Marriott International, Inc.",NASDAQ,stocks,9999,1,2025-08-19 04:00:00+00:00,"Ex-Dividend Reminder: Energizer Holdings, Primo Brands and Marriott International",https://www.nasdaq.com/articles/ex-dividend-reminder-energizer-holdings-primo-brands-and-marriott-international,0,2025-11-03 00:00:00,2025-08-05 00:00:00
MAS,Masco Corporation,Masco Corporation,NYSE,stocks,9999,1,2025-08-26 04:00:00+00:00,Validea's Top Industrial Stocks Based On Joel Greenblatt - 8/26/2025,https://www.nasdaq.com/articles/valideas-top-industrial-stocks-based-joel-greenblatt-8-26-2025,0,2025-11-04 00:00:00,2025-07-31 00:00:00
MCD,McDonald's Corporation,McDonald's Corporation,NYSE,stocks,9999,1,2025-09-04 08:00:00+00:00,Prediction: Buying Cava Group Stock Today Could Set You Up for Life,https://www.nasdaq.com/articles/prediction-buying-cava-group-stock-today-could-set-you-life,0,2025-11-04 00:00:00,2025-08-06 00:00:00
MCHP,Microchip Technology Incorporat,Microchip Technology Incorporated,NASDAQ,stocks,9999,3,2025-09-03 18:00:00+00:00,Stocks Retreat as Bond Yields Climb,https://www.nasdaq.com/articles/stocks-retreat-bond-yields-climb,0,2025-11-04 00:00:00,2025-08-07 00:00:00
MCK,McKesson Corporation,McKesson Corporation,NYSE,stocks,9999,1,2025-08-29 04:00:00+00:00,"Ex-Dividend Reminder: Universal Health Services, McKesson and Safety Insurance Group",https://www.nasdaq.com/articles/ex-dividend-reminder-universal-health-services-mckesson-and-safety-insurance-group,0,2025-11-05 00:00:00,2025-08-06 00:00:00
MCO,Moody's Corporation,Moody's Corporation,NYSE,stocks,9999,1,2025-09-03 16:00:00+00:00,GBOOY or MCO: Which Is the Better Value Stock Right Now?,https://www.nasdaq.com/articles/gbooy-or-mco-which-better-value-stock-right-now,0,2025-10-28 00:00:00,2025-07-23 00:00:00
MDLZ,"Mondelez International, Inc.","Mondelez International, Inc.",NASDAQ,stocks,9999,1,2025-09-03 04:00:00+00:00,Defensive Plays: 3 Consumer Staples Giants Showing Strength,https://www.nasdaq.com/articles/defensive-plays-3-consumer-staples-giants-showing-strength,0,2025-11-04 00:00:00,2025-07-29 00:00:00
MDT,Medtronic plc.,Medtronic plc,NYSE,stocks,9999,3,2025-09-03 13:00:00+00:00,ISRG's SP Stapler: A Game Changer for Colorectal and Thoracic Procedures?,https://www.nasdaq.com/articles/isrgs-sp-stapler-game-changer-colorectal-and-thoracic-procedures,0,2025-11-18 00:00:00,2025-08-19 00:00:00
MET,"MetLife, Inc.","MetLife, Inc.",NYSE,stocks,9999,1,2025-08-29 04:00:00+00:00,"Berkshire Boosts Mitsubishi Stake, Increases Investment in Japan",https://www.nasdaq.com/articles/berkshire-boosts-mitsubishi-stake-increases-investment-japan,0,2025-10-29 00:00:00,2025-08-06 00:00:00
META,"Meta Platforms, Inc.",Mark Zuckerberg,NASDAQ,stocks,9999,32,2025-09-04 09:00:00+00:00,Prediction: 2 Stocks That'll Be Worth More Than Apple 3 Years From Now,https://www.nasdaq.com/articles/prediction-2-stocks-thatll-be-worth-more-apple-3-years-now-0,0,2025-10-29 00:00:00,2025-07-30 00:00:00
MGM,MGM Resorts International,MGM Resorts International,NYSE,stocks,9999,0,2025-09-03 15:00:00+00:00,T-Mobile Arena Extends Agreement With TKO Group Holdings Through 2030,https://www.nasdaq.com/articles/t-mobile-arena-extends-agreement-tko-group-holdings-through-2030,0,2025-10-29 00:00:00,2025-07-30 00:00:00
MHK,"Mohawk Industries, Inc.","Mohawk Industries, Inc.",NYSE,stocks,9999,0,2025-08-25 16:00:00+00:00,Stocks Rally Sharply on Dovish Fed Chair Powell,https://www.nasdaq.com/articles/stocks-rally-sharply-dovish-fed-chair-powell,0,2025-10-23 00:00:00,2025-07-24 00:00:00
MKC,"McCormick & Company, Incorporat","McCormick & Company, Incorporated",NYSE,stocks,9999,0,2025-08-27 04:00:00+00:00,Implied Volatility Surging for McCormick & Company Stock Options,https://www.nasdaq.com/articles/implied-volatility-surging-mccormick-company-stock-options,0,2025-10-07 00:00:00,2025-06-26 00:00:00
MKTX,"MarketAxess Holdings, Inc.",MarketAxess Holdings Inc.,NASDAQ,stocks,9999,0,2025-08-29 04:00:00+00:00,Validea Warren Buffett Strategy Daily Upgrade Report - 8/29/2025,https://www.nasdaq.com/articles/validea-warren-buffett-strategy-daily-upgrade-report-8-29-2025,0,2025-11-05 00:00:00,2025-08-06 00:00:00
MLM,"Martin Marietta Materials, Inc.","Martin Marietta Materials, Inc.",NYSE,stocks,9999,1,2025-08-29 04:00:00+00:00,"Ex-Dividend Reminder: Martin Marietta Materials, Element Solutions and Hudbay Minerals",https://www.nasdaq.com/articles/ex-dividend-reminder-martin-marietta-materials-element-solutions-and-hudbay-minerals,0,2025-10-29 00:00:00,2025-08-07 00:00:00
MMC,"Marsh & McLennan Companies, Inc","Marsh & McLennan Companies, Inc.",NYSE,stocks,9999,3,2025-09-03 17:00:00+00:00,Marsh & McLennan Broadens Footprint in Nashville With Robins Deal,https://www.nasdaq.com/articles/marsh-mclennan-broadens-footprint-nashville-robins-deal,0,2025-10-16 00:00:00,2025-07-17 00:00:00
MMM,3M Company,3M Company,NYSE,stocks,9999,0,2025-08-29 04:00:00+00:00,Carlisle (CSL) Up 8.9% Since Last Earnings Report: Can It Continue?,https://www.nasdaq.com/articles/carlisle-csl-89-last-earnings-report-can-it-continue,0,2025-10-28 00:00:00,2025-07-18 00:00:00
MO,"Altria Group, Inc.","Altria Group, Inc.",NYSE,stocks,9999,2,2025-09-03 16:00:00+00:00,February 2026 Options Now Available For Altria Group (MO),https://www.nasdaq.com/articles/february-2026-options-now-available-altria-group-mo,0,2025-10-30 00:00:00,2025-07-30 00:00:00
MOH,Molina Healthcare Inc,"Molina Healthcare, Inc.",NYSE,stocks,9999,4,2025-09-03 04:00:00+00:00,Stocks Settle Lower as Tech Shares Selloff,https://www.nasdaq.com/articles/stocks-settle-lower-tech-shares-selloff,0,2025-10-22 00:00:00,2025-07-23 00:00:00
MOS,Mosaic Company (The),The Mosaic Company,NYSE,stocks,9999,6,2025-09-03 14:00:00+00:00,"APD's Cleveland Air Separation Facility Is Operational, Supply Begins",https://www.nasdaq.com/articles/apds-cleveland-air-separation-facility-operational-supply-begins,0,2025-11-11 00:00:00,2025-08-05 00:00:00
MPC,Marathon Petroleum Corporation,Marathon Petroleum Corporation,NYSE,stocks,9999,3,2025-08-28 04:00:00+00:00,1 Reason I'm More Than Excited About MPLX Stock in 2025,https://www.nasdaq.com/articles/1-reason-im-more-excited-about-mplx-stock-2025,0,2025-11-04 00:00:00,2025-08-05 00:00:00
MPWR,"Monolithic Power Systems, Inc.","Monolithic Power Systems, Inc.",NASDAQ,stocks,9999,1,2025-09-03 16:00:00+00:00,ON Semiconductor Corp. (ON) Up 3.6% Since Last Earnings Report: Can It Continue?,https://www.nasdaq.com/articles/semiconductor-corp-36-last-earnings-report-can-it-continue,0,2025-10-29 00:00:00,2025-07-31 00:00:00
MRK,"Merck & Company, Inc.","Merck & Co., Inc.",NYSE,stocks,9999,9,2025-09-03 15:00:00+00:00,"MRK Posts Cholesterol Drug Data, Focus Shifts Back to Its Pipeline",https://www.nasdaq.com/articles/mrk-posts-cholesterol-drug-data-focus-shifts-back-its-pipeline,0,2025-10-30 00:00:00,2025-07-29 00:00:00
MRNA,"Moderna, Inc.","Moderna, Inc.",NASDAQ,stocks,9999,3,2025-08-29 04:00:00+00:00,Boyd Gaming and Shoe Carnival have been highlighted as Zacks Bull and Bear of the Day,https://www.nasdaq.com/articles/boyd-gaming-and-shoe-carnival-have-been-highlighted-zacks-bull-and-bear-day,0,2025-11-06 00:00:00,2025-08-01 00:00:00
MS,Morgan Stanley,Morgan Stanley,NYSE,stocks,9999,7,2025-09-04 08:00:00+00:00,AI Spending Could Soar 600%: 2 Brilliant AI Stocks to Buy in September (Hint: Not Nvidia or Palantir),https://www.nasdaq.com/articles/ai-spending-could-soar-600-2-brilliant-ai-stocks-buy-september-hint-not-nvidia-or-palantir,0,2025-10-15 00:00:00,2025-07-16 00:00:00
MSCI,MSCI Inc.,MSCI Inc.,NYSE,stocks,9999,0,2025-08-21 04:00:00+00:00,MSCI (MSCI) Up 8.2% Since Last Earnings Report: Can It Continue?,https://www.nasdaq.com/articles/msci-msci-82-last-earnings-report-can-it-continue,0,2025-11-04 00:00:00,2025-07-22 00:00:00
MSFT,Microsoft Corporation,Satya Nadella,NASDAQ,stocks,9999,59,2025-09-04 09:00:00+00:00,"Big Tech's AI Buildout Could Be Worth $4 Trillion, and These 2 Semiconductor Stocks Stand to Gain Most",https://www.nasdaq.com/articles/big-techs-ai-buildout-could-be-worth-4-trillion-and-these-2-semiconductor-stocks-stand,0,2025-10-29 00:00:00,2025-07-30 00:00:00
MSI,"Motorola Solutions, Inc.","Motorola Solutions, Inc.",NYSE,stocks,9999,1,2025-09-03 04:00:00+00:00,"Nokia, EBB Team Up to Upgrade AI Data Centers Across Malaysia",https://www.nasdaq.com/articles/nokia-ebb-team-upgrade-ai-data-centers-across-malaysia,0,2025-11-06 00:00:00,2025-08-07 00:00:00
MTB,M&T Bank Corporation,M&T Bank Corporation,NYSE,stocks,9999,2,2025-09-03 04:00:00+00:00,"M & T Bank's Preferred Stock, Series J Shares Cross 7% Yield Mark",https://www.nasdaq.com/articles/m-t-banks-preferred-stock-series-j-shares-cross-7-yield-mark,0,2025-10-16 00:00:00,2025-07-16 00:00:00
MTCH,"Match Group, Inc.","Match Group, Inc.",NASDAQ,stocks,9999,2,2025-08-29 04:00:00+00:00,"Notable Friday Option Activity: AVGO, SMCI, MTCH",https://www.nasdaq.com/articles/notable-friday-option-activity-avgo-smci-mtch,0,2025-11-05 00:00:00,2025-08-05 00:00:00
MTD,"Mettler-Toledo International, I",Mettler-Toledo International Inc.,NYSE,stocks,9999,1,2025-08-25 14:00:00+00:00,"Take the Zacks Approach to Beat the Markets: WisdomTree, SkyWest & PepsiCo in Focus",https://www.nasdaq.com/articles/take-zacks-approach-beat-markets-wisdomtree-skywest-pepsico-focus,0,2025-11-06 00:00:00,2025-07-31 00:00:00
MU,"Micron Technology, Inc.","Micron Technology, Inc.",NASDAQ,stocks,9999,11,2025-09-03 22:00:00+00:00,Hewlett Packard Enterprise (HPE) Q3 Earnings and Revenues Surpass Estimates,https://www.nasdaq.com/articles/hewlett-packard-enterprise-hpe-q3-earnings-and-revenues-surpass-estimates,0,2025-09-23 00:00:00,2025-03-20 00:00:00
NCLH,Norwegian Cruise Line Holdings ,Norwegian Cruise Line Holdings Ltd.,NYSE,stocks,9999,8,2025-09-03 04:00:00+00:00,Can Carnival Capitalize on Cruise Industry's Record Demand?,https://www.nasdaq.com/articles/can-carnival-capitalize-cruise-industrys-record-demand,0,2025-10-30 00:00:00,2025-07-31 00:00:00
NDAQ,"Nasdaq, Inc.","Nasdaq, Inc.",NASDAQ,stocks,9999,3,2025-09-03 22:00:00+00:00,Q&A: Why Nasdaq is Proposing Listing Standards Changes,https://www.nasdaq.com/newsroom/qa-why-nasdaq-proposing-listing-standards-changes,0,2025-10-23 00:00:00,2025-07-24 00:00:00
NDSN,Nordson Corporation,Nordson Corporation,NASDAQ,stocks,9999,3,2025-09-03 15:00:00+00:00,Is the Options Market Predicting a Spike in Nordson Stock?,https://www.nasdaq.com/articles/options-market-predicting-spike-nordson-stock,0,2026-02-17 00:00:00,2025-08-20 00:00:00
NEE,"NextEra Energy, Inc.","NextEra Energy, Inc.",NYSE,stocks,9999,6,2025-09-03 18:00:00+00:00,NEE Factor-Based Stock Analysis - Martin Zweig,https://www.nasdaq.com/articles/nee-factor-based-stock-analysis-martin-zweig-4,0,2025-10-22 00:00:00,2025-07-23 00:00:00
NEM,Newmont Corporation,Newmont Corporation,NYSE,stocks,9999,3,2025-09-03 13:00:00+00:00,"If You Invested $1000 in Newmont Corporation a Decade Ago, This is How Much It'd Be Worth Now",https://www.nasdaq.com/articles/if-you-invested-1000-newmont-corporation-decade-ago-how-much-itd-be-worth-now,0,2025-10-22 00:00:00,2025-07-24 00:00:00
NFLX,"Netflix, Inc.","Netflix, Inc.",NASDAQ,stocks,9999,13,2025-09-03 23:00:00+00:00,"""Rule Breaker Investing"" Mailbag: Sports Bettor Turned Investor",https://www.nasdaq.com/articles/rule-breaker-investing-mailbag-sports-bettor-turned-investor,0,2025-10-16 00:00:00,2025-07-17 00:00:00
NI,NiSource Inc,NiSource Inc.,NYSE,stocks,9999,5,2025-09-03 04:00:00+00:00,Alliant Energy Rides on Renewable Expansion & Strategic Investments,https://www.nasdaq.com/articles/alliant-energy-rides-renewable-expansion-strategic-investments,0,2025-10-29 00:00:00,2025-08-06 00:00:00
NKE,"Nike, Inc.","NIKE, Inc.",NYSE,stocks,9999,8,2025-09-03 17:00:00+00:00,lululemon Banks on China: Can It Deliver Growth in Fiscal 2025?,https://www.nasdaq.com/articles/lululemon-banks-china-can-it-deliver-growth-fiscal-2025,0,2025-12-17 00:00:00,2025-06-26 00:00:00
NOC,Northrop Grumman Corporation,Northrop Grumman Corporation,NYSE,stocks,9999,4,2025-09-03 04:00:00+00:00,Beyond Launch: Rocket Lab's Push for Semiconductor Dominance,https://www.nasdaq.com/articles/beyond-launch-rocket-labs-push-semiconductor-dominance,0,2025-10-23 00:00:00,2025-07-22 00:00:00
NOW,"ServiceNow, Inc.","ServiceNow, Inc.",NYSE,stocks,9999,4,2025-09-03 16:00:00+00:00,LDOS vs. NOW: Which Stock Is the Better Value Option?,https://www.nasdaq.com/articles/ldos-vs-now-which-stock-better-value-option,0,2025-10-22 00:00:00,2025-07-23 00:00:00
NRG,"NRG Energy, Inc.","NRG Energy, Inc.",NYSE,stocks,9999,0,2025-08-27 04:00:00+00:00,Why NRG Energy (NRG) is a Top Growth Stock for the Long-Term,https://www.nasdaq.com/articles/why-nrg-energy-nrg-top-growth-stock-long-term-0,0,2025-11-14 00:00:00,2025-08-06 00:00:00
NSC,Norfolk Southern Corporation,Norfolk Southern Corporation,NYSE,stocks,9999,1,2025-08-28 04:00:00+00:00,Why Is Norfolk Southern (NSC) Down 2.4% Since Last Earnings Report?,https://www.nasdaq.com/articles/why-norfolk-southern-nsc-down-24-last-earnings-report,0,2025-10-28 00:00:00,2025-07-29 00:00:00
NTAP,"NetApp, Inc.","NetApp, Inc.",NASDAQ,stocks,9999,1,2025-09-01 04:00:00+00:00,Why NetApp (NTAP) International Revenue Trends Deserve Your Attention,https://www.nasdaq.com/articles/why-netapp-ntap-international-revenue-trends-deserve-your-attention,0,2025-11-20 00:00:00,2025-08-27 00:00:00
NTRS,Northern Trust Corporation,Northern Trust Corporation,NASDAQ,stocks,9999,1,2025-09-03 15:00:00+00:00,"Ex-Dividend Reminder: Bank of America, Northern Trust and Mercantile Bank",https://www.nasdaq.com/articles/ex-dividend-reminder-bank-america-northern-trust-and-mercantile-bank,0,2025-10-22 00:00:00,2025-07-23 00:00:00
NU,Nu Holdings Ltd.,Nu Holdings Ltd.,NYSE,stocks,9999,1,2025-09-03 04:00:00+00:00,iShares MSCI Emerging Markets ex China ETF Experiences Big Outflow,https://www.nasdaq.com/articles/ishares-msci-emerging-markets-ex-china-etf-experiences-big-outflow-0,0,2025-11-12 00:00:00,2025-08-14 00:00:00
NUE,Nucor Corporation,Nucor Corporation,NYSE,stocks,9999,2,2025-09-03 13:00:00+00:00,Nucor Gains 20% in 3 Months: How Should Investors Play the Stock?,https://www.nasdaq.com/articles/nucor-gains-20-3-months-how-should-investors-play-stock,0,2025-10-20 00:00:00,2025-07-28 00:00:00
NVDA,NVIDIA Corporation,NVIDIA Corporation,NASDAQ,stocks,9999,85,2025-09-04 09:14:00+00:00,"Down 50%, Is CoreWeave a Buy on the Dip?",https://www.nasdaq.com/articles/down-50-coreweave-buy-dip,0,2025-11-19 00:00:00,2025-08-27 00:00:00
NVO,Novo Nordisk A/S,Novo Nordisk A/S,NYSE,stocks,9999,1,2025-09-04 09:00:00+00:00,Where Will Eli Lilly Be in 3 Years?,https://www.nasdaq.com/articles/where-will-eli-lilly-be-3-years,0,2025-11-05 00:00:00,2025-08-06 00:00:00
NVR,"NVR, Inc.","NVR, Inc.",NYSE,stocks,9999,2,2025-08-22 04:00:00+00:00,Why Is NVR (NVR) Up 2.1% Since Last Earnings Report?,https://www.nasdaq.com/articles/why-nvr-nvr-21-last-earnings-report,0,2025-10-28 00:00:00,2025-07-23 00:00:00
NWSA,News Corporation,News Corporation,,stocks,9999,1,2025-08-28 04:00:00+00:00,Validea's Top Communication Services Stocks Based On Martin Zweig - 8/28/2025,https://www.nasdaq.com/articles/valideas-top-communication-services-stocks-based-martin-zweig-8-28-2025,0,1990-01-01 00:00:00,1990-01-01 00:00:00
NXPI,NXP Semiconductors N.V.,NXP Semiconductors N.V.,NASDAQ,stocks,9999,3,2025-09-03 04:00:00+00:00,How The Pieces Add Up: IMCV Targets $88,https://www.nasdaq.com/articles/how-pieces-add-imcv-targets-88,0,2025-11-03 00:00:00,2025-07-21 00:00:00
O,Realty Income Corporation,Realty Income Corporation,NYSE,stocks,9999,5,2025-09-04 08:00:00+00:00,"As of 2025, the Average Social Security Retirement Benefit Check Is $1,976. Could Realty Income (O) Help Boost Your Retirement?",https://www.nasdaq.com/articles/2025-average-social-security-retirement-benefit-check-1976-could-realty-income-o-help,0,2025-11-03 00:00:00,2025-08-06 00:00:00
OKE,"ONEOK, Inc.","ONEOK, Inc.",NYSE,stocks,9999,0,2025-09-03 16:00:00+00:00,Oneok (OKE) Down 1.4% Since Last Earnings Report: Can It Rebound?,https://www.nasdaq.com/articles/oneok-oke-down-14-last-earnings-report-can-it-rebound,0,2025-11-04 00:00:00,2025-08-04 00:00:00
OMC,Omnicom Group Inc.,Omnicom Group Inc.,NYSE,stocks,9999,1,2025-08-29 04:00:00+00:00,"Ex-Dividend Reminder: Omnicom Group, Natural Grocers By Vitamin Cottage and Clearway Energy",https://www.nasdaq.com/articles/ex-dividend-reminder-omnicom-group-natural-grocers-vitamin-cottage-and-clearway-energy,0,2025-10-21 00:00:00,2025-07-15 00:00:00
ON,ON Semiconductor Corporation,ON Semiconductor Corporation,NASDAQ,stocks,9999,5,2025-09-03 18:00:00+00:00,Stocks Retreat as Bond Yields Climb,https://www.nasdaq.com/articles/stocks-retreat-bond-yields-climb,0,2025-10-27 00:00:00,2025-08-04 00:00:00
ORCL,Oracle Corporation,Oracle Corporation,NYSE,stocks,9999,30,2025-09-03 04:00:00+00:00,Why This Vanguard Technology ETF Is Your Smartest AI Play,https://www.nasdaq.com/articles/why-vanguard-technology-etf-your-smartest-ai-play,0,2025-12-08 00:00:00,2025-06-11 00:00:00
ORLY,"O'Reilly Automotive, Inc.","O'Reilly Automotive, Inc.",NASDAQ,stocks,9999,1,2025-09-03 18:00:00+00:00,The Problem With Weight Loss Stocks,https://www.nasdaq.com/articles/problem-weight-loss-stocks,0,2025-10-22 00:00:00,2025-07-23 00:00:00
OTIS,Otis Worldwide Corporation,Otis Worldwide Corporation,NYSE,stocks,9999,1,2025-08-28 04:00:00+00:00,Otis to Elevate Connectivity on Singapore's Cross Island Line Phase 1,https://www.nasdaq.com/articles/otis-elevate-connectivity-singapores-cross-island-line-phase-1,0,2025-10-29 00:00:00,2025-07-23 00:00:00
OXY,Occidental Petroleum Corporatio,Occidental Petroleum Corporation,NYSE,stocks,9999,4,2025-09-04 07:00:00+00:00,Stocks Supported as Chances Improve for a Fed Rate Cut,https://www.nasdaq.com/articles/stocks-supported-chances-improve-fed-rate-cut,0,2025-11-11 00:00:00,2025-08-06 00:00:00
PANW,"Palo Alto Networks, Inc.","Palo Alto Networks, Inc.",NASDAQ,stocks,9999,3,2025-09-03 14:00:00+00:00,CrowdStrike Rises 21% YTD: Is the Stock Worth Buying Now?,https://www.nasdaq.com/articles/crowdstrike-rises-21-ytd-stock-worth-buying-now,0,2025-11-19 00:00:00,2025-08-18 00:00:00
PARA,Paramount Global,Paramount Global,NASDAQ,stocks,0,0,2025-06-17 04:00:00+00:00,"Roku Partners With Amazon Ads: Should You Buy, Sell or Hold the Stock?",https://www.nasdaq.com/articles/roku-partners-amazon-ads-should-you-buy-sell-or-hold-stock,145,,2025-07-31 00:00:00
PAYC,"Paycom Software, Inc.","Paycom Software, Inc.",NYSE,stocks,9999,0,2025-09-03 19:00:00+00:00,Who Wins When Interest Rates Move?,https://www.nasdaq.com/articles/who-wins-when-interest-rates-move,0,2025-10-29 00:00:00,2025-08-06 00:00:00
PAYX,"Paychex, Inc.","Paychex, Inc.",NASDAQ,stocks,9999,1,2025-09-03 04:00:00+00:00,Validea's Top Industrial Stocks Based On Warren Buffett - 9/2/2025,https://www.nasdaq.com/articles/valideas-top-industrial-stocks-based-warren-buffett-9-2-2025,0,2025-09-29 00:00:00,2025-03-26 00:00:00
PCAR,PACCAR Inc.,PACCAR Inc,NASDAQ,stocks,9999,2,2025-08-22 04:00:00+00:00,PCAR Crosses Above Key Moving Average Level,https://www.nasdaq.com/articles/pcar-crosses-above-key-moving-average-level,0,2025-10-28 00:00:00,2025-07-22 00:00:00
PCG,Pacific Gas & Electric Co.,PG&E Corporation,NYSE,stocks,9999,5,2025-08-29 04:00:00+00:00,PG&E's Preferred Shares Cross 7% Yield Mark,https://www.nasdaq.com/articles/pges-preferred-shares-cross-7-yield-mark-1,0,2025-11-06 00:00:00,2025-07-31 00:00:00
PEG,Public Service Enterprise Group,Public Service Enterprise Group Incorporated,NYSE,stocks,9999,0,2025-08-28 04:00:00+00:00,VST vs. PEG: Which Utility Stock Can Provide Better Return Long-Term?,https://www.nasdaq.com/articles/vst-vs-peg-which-utility-stock-can-provide-better-return-long-term,0,2025-11-03 00:00:00,2025-08-05 00:00:00
PEP,"Pepsico, Inc.","PepsiCo, Inc.",NASDAQ,stocks,9999,11,2025-09-03 18:00:00+00:00,Stocks Retreat as Bond Yields Climb,https://www.nasdaq.com/articles/stocks-retreat-bond-yields-climb,0,2025-10-09 00:00:00,2025-07-17 00:00:00
PFE,"Pfizer, Inc.",Pfizer Inc.,NYSE,stocks,9999,9,2025-09-03 17:00:00+00:00,Pfizer Reaffirms Transparency Commitment On COVID-19 Vaccine Data,https://www.nasdaq.com/articles/pfizer-reaffirms-transparency-commitment-covid-19-vaccine-data,0,2025-11-04 00:00:00,2025-08-05 00:00:00
PFG,Principal Financial Group Inc,"Principal Financial Group, Inc.",NASDAQ,stocks,9999,0,2025-09-03 04:00:00+00:00,"Ex-Dividend Reminder: Eastern Bankshares, Principal Financial Group and Pjt Partners",https://www.nasdaq.com/articles/ex-dividend-reminder-eastern-bankshares-principal-financial-group-and-pjt-partners,0,2025-10-23 00:00:00,2025-07-28 00:00:00
PG,Procter & Gamble Company (The),The Procter & Gamble Company,NYSE,stocks,9999,0,2025-09-03 16:00:00+00:00,FlexShares Quality Dividend Index Fund Experiences Big Inflow,https://www.nasdaq.com/articles/flexshares-quality-dividend-index-fund-experiences-big-inflow,0,2025-10-24 00:00:00,2025-07-29 00:00:00
PGR,Progressive Corporation (The),The Progressive Corporation,NYSE,stocks,9999,8,2025-09-03 04:00:00+00:00,"Zacks.com featured highlights include Vertiv Holdings, The Progressive, Bank OZK, TransUnion and The Mosaic",https://www.nasdaq.com/articles/zackscom-featured-highlights-include-vertiv-holdings-progressive-bank-ozk-transunion-and,0,2025-10-21 00:00:00,2025-07-16 00:00:00
PH,Parker-Hannifin Corporation,Parker-Hannifin Corporation,NYSE,stocks,9999,1,2025-09-03 16:00:00+00:00,"Notable ETF Inflow Detected - DYNF, CSCO, PH, COF",https://www.nasdaq.com/articles/notable-etf-inflow-detected-dynf-csco-ph-cof,0,2025-10-29 00:00:00,2025-05-01 00:00:00
PHM,"PulteGroup, Inc.","PulteGroup, Inc.",NYSE,stocks,9999,15,2025-08-29 04:00:00+00:00,Can D.R. Horton Sustain EPS Growth With Housing Demand Cooling?,https://www.nasdaq.com/articles/can-dr-horton-sustain-eps-growth-housing-demand-cooling,0,2025-10-21 00:00:00,2025-07-22 00:00:00
PKG,Packaging Corporation of Americ,Packaging Corporation of America,NYSE,stocks,9999,0,2025-09-03 17:00:00+00:00,GEF Boosts Debt-Reduction Efforts With Sale of Containerboard Business,https://www.nasdaq.com/articles/gef-boosts-debt-reduction-efforts-sale-containerboard-business,0,2025-10-28 00:00:00,2025-07-23 00:00:00
PLTR,Palantir Technologies Inc.,Palantir Technologies Inc.,NASDAQ,stocks,9999,21,2025-09-04 09:00:00+00:00,Here's the Eye-Popping Amount Nvidia's Stock Would Be Worth If It Traded Like Palantir,https://www.nasdaq.com/articles/heres-eye-popping-amount-nvidias-stock-would-be-worth-if-it-traded-palantir,0,2025-11-03 00:00:00,2025-08-04 00:00:00
PM,Philip Morris International Inc,Philip Morris International Inc.,NYSE,stocks,9999,5,2025-09-03 12:00:00+00:00,These Were the Market's 5 Biggest Giants of 1985 -- Here's Who Holds the Crown Now,https://www.nasdaq.com/articles/these-were-markets-5-biggest-giants-1985-heres-who-holds-crown-now,0,2025-10-28 00:00:00,2025-07-22 00:00:00
PNC,"PNC Financial Services Group, I","The PNC Financial Services Group, Inc.",NYSE,stocks,9999,5,2025-08-29 04:00:00+00:00,Why Is Evercore (EVR) Up 8% Since Last Earnings Report?,https://www.nasdaq.com/articles/why-evercore-evr-8-last-earnings-report,0,2025-10-15 00:00:00,2025-07-16 00:00:00
PNR,Pentair plc.,Pentair plc,NYSE,stocks,9999,0,2025-08-29 04:00:00+00:00,"Zacks Industry Outlook Highlights Montrose Environmental Group, Zurn Elkay Water Solutions and Pentair",https://www.nasdaq.com/articles/zacks-industry-outlook-highlights-montrose-environmental-group-zurn-elkay-water-solutions,0,2025-10-28 00:00:00,2025-07-22 00:00:00
PNW,Pinnacle West Capital Corporati,Pinnacle West Capital Corporation,NYSE,stocks,9999,0,2025-08-29 04:00:00+00:00,Pinnacle West Benefits From Investments & Expanding Customer Base,https://www.nasdaq.com/articles/pinnacle-west-benefits-investments-expanding-customer-base,0,2025-11-05 00:00:00,2025-08-06 00:00:00
PODD,Insulet Corporation,Insulet Corporation,NASDAQ,stocks,9999,0,2025-08-22 04:00:00+00:00,Insulet Gains 77.2% in a Year: What's Driving the Rally?,https://www.nasdaq.com/articles/insulet-gains-772-year-whats-driving-rally,0,2025-11-06 00:00:00,2025-08-07 00:00:00
POOL,Pool Corporation,Pool Corporation,NASDAQ,stocks,9999,1,2025-09-02 04:00:00+00:00,Billionaire Warren Buffett Sold 41% of Berkshire's Stake in Bank of America and Is Piling Into 2 Magnificent Stocks for a 4th Straight Quarter,https://www.nasdaq.com/articles/billionaire-warren-buffett-sold-41-berkshires-stake-bank-america-and-piling-2-magnificent,0,2025-10-23 00:00:00,2025-07-24 00:00:00
PPG,"PPG Industries, Inc.","PPG Industries, Inc.",NYSE,stocks,9999,0,2025-08-28 04:00:00+00:00,Why Is PPG Industries (PPG) Up 5.5% Since Last Earnings Report?,https://www.nasdaq.com/articles/why-ppg-industries-ppg-55-last-earnings-report,0,2025-10-15 00:00:00,2025-07-29 00:00:00
PPL,PPL Corporation,PPL Corporation,NYSE,stocks,9999,3,2025-09-03 04:00:00+00:00,How Is PPL Empowering Customers Through Energy Efficiency?,https://www.nasdaq.com/articles/how-ppl-empowering-customers-through-energy-efficiency,0,2025-10-30 00:00:00,2025-02-13 00:00:00
PRU,"Prudential Financial, Inc.","Prudential Financial, Inc.",NYSE,stocks,9999,2,2025-09-03 16:00:00+00:00,EverQuote (EVER) Down 2.1% Since Last Earnings Report: Can It Rebound?,https://www.nasdaq.com/articles/everquote-ever-down-21-last-earnings-report-can-it-rebound,0,2025-10-28 00:00:00,2025-02-04 00:00:00
PSA,Public Storage,Public Storage,NYSE,stocks,9999,2,2025-08-27 04:00:00+00:00,"Daily Dividend Report: ZBH,RY,PSA,TGNA,FMNB",https://www.nasdaq.com/articles/daily-dividend-report-zbhrypsatgnafmnb,0,2025-10-29 00:00:00,2025-07-30 00:00:00
PSX,Phillips 66,Phillips 66,NYSE,stocks,9999,3,2025-09-04 07:00:00+00:00,Stocks Supported as Chances Improve for a Fed Rate Cut,https://www.nasdaq.com/articles/stocks-supported-chances-improve-fed-rate-cut,0,2025-11-04 00:00:00,2025-07-25 00:00:00
PTC,PTC Inc.,PTC Inc.,NASDAQ,stocks,9999,2,2025-09-03 04:00:00+00:00,Prediction: PTC Will Soar Over the Next 3 Years. Here's 1 Reason Why.,https://www.nasdaq.com/articles/prediction-ptc-will-soar-over-next-3-years-heres-1-reason-why,0,2025-11-05 00:00:00,2025-07-30 00:00:00
PWR,"Quanta Services, Inc.","Quanta Services, Inc.",NYSE,stocks,9999,0,2025-09-03 14:00:00+00:00,PRIM Targets $2.5B in Renewables: Will Solar Growth Support Margins?,https://www.nasdaq.com/articles/prim-targets-25b-renewables-will-solar-growth-support-margins,0,2025-10-30 00:00:00,2025-07-31 00:00:00
PYPL,"PayPal Holdings, Inc.","PayPal Holdings, Inc.",NASDAQ,stocks,9999,12,2025-09-03 19:00:00+00:00,Who Wins When Interest Rates Move?,https://www.nasdaq.com/articles/who-wins-when-interest-rates-move,0,2025-11-04 00:00:00,2025-07-29 00:00:00
QCOM,QUALCOMM Incorporated,QUALCOMM Incorporated,NASDAQ,stocks,9999,6,2025-09-03 18:00:00+00:00,Stocks Retreat as Bond Yields Climb,https://www.nasdaq.com/articles/stocks-retreat-bond-yields-climb,0,2025-11-05 00:00:00,2025-07-30 00:00:00
QQQ,"Invesco QQQ Trust, Series 1",Invesco QQQ Trust,,etf,9999,15,2025-09-04 07:00:00+00:00,Stocks Supported as Chances Improve for a Fed Rate Cut,https://www.nasdaq.com/articles/stocks-supported-chances-improve-fed-rate-cut,0,1990-01-01 00:00:00,1990-01-01 00:00:00
QRVO,"Qorvo, Inc.","Qorvo, Inc.",NASDAQ,stocks,9999,0,2025-08-28 04:00:00+00:00,Why Is Qorvo (QRVO) Up 6.3% Since Last Earnings Report?,https://www.nasdaq.com/articles/why-qorvo-qrvo-63-last-earnings-report,0,2025-11-04 00:00:00,2025-07-29 00:00:00
RCL,Royal Caribbean Cruises Ltd.,Royal Caribbean Cruises Ltd.,NYSE,stocks,9999,4,2025-09-03 16:00:00+00:00,Why Is Marriott Vacations Worldwide (VAC) Up 5.8% Since Last Earnings Report?,https://www.nasdaq.com/articles/why-marriott-vacations-worldwide-vac-58-last-earnings-report,0,2025-11-04 00:00:00,2025-07-29 00:00:00
REG,Regency Centers Corporation,Regency Centers Corporation,NASDAQ,stocks,9999,2,2025-09-03 15:00:00+00:00,5 Reasons to Add Regency Centers Stock to Your Portfolio Now,https://www.nasdaq.com/articles/5-reasons-add-regency-centers-stock-your-portfolio-now-0,0,2025-10-27 00:00:00,2025-02-06 00:00:00
REGN,"Regeneron Pharmaceuticals, Inc.","Regeneron Pharmaceuticals, Inc.",NASDAQ,stocks,9999,3,2025-09-03 16:00:00+00:00,Why Is Axsome (AXSM) Up 19.2% Since Last Earnings Report?,https://www.nasdaq.com/articles/why-axsome-axsm-192-last-earnings-report,0,2025-10-29 00:00:00,2025-02-04 00:00:00
RF,Regions Financial Corporation,Regions Financial Corporation,NYSE,stocks,9999,2,2025-09-03 16:00:00+00:00,Regions Financial Named Top Dividend Stock With Insider Buying and 3.94% Yield (RF),https://www.nasdaq.com/articles/regions-financial-named-top-dividend-stock-insider-buying-and-394-yield-rf,0,2025-10-17 00:00:00,2025-01-17 00:00:00
RHI,Robert Half Inc.,Robert Half Inc.,NYSE,stocks,9999,0,2025-08-22 04:00:00+00:00,Why Is Robert Half (RHI) Down 9.7% Since Last Earnings Report?,https://www.nasdaq.com/articles/why-robert-half-rhi-down-97-last-earnings-report,0,2025-10-28 00:00:00,2025-07-23 00:00:00
RJF,"Raymond James Financial, Inc.","Raymond James Financial, Inc.",NYSE,stocks,9999,3,2025-08-28 04:00:00+00:00,Stock Market Today: American Airlines Rises Despite Raymond James Downgrade,https://www.nasdaq.com/articles/stock-market-today-american-airlines-rises-despite-raymond-james-downgrade,0,2025-10-22 00:00:00,2025-07-23 00:00:00
RKLB,"Rocket Lab USA, Inc.","Rocket Lab USA, Inc.",NASDAQ,stocks,9999,500,2025-09-04 09:47:00+00:00,"If You'd Invested $10,000 in Rocket Lab Stock 3 Years Ago, Here's How Much You'd Have Today",https://www.nasdaq.com/articles/if-youd-invested-10000-rocket-lab-stock-3-years-ago-heres-how-much-youd-have-today,0,2025-11-11 00:00:00,2025-08-07 00:00:00
RL,Ralph Lauren Corporation,Ralph Lauren Corporation,NYSE,stocks,9999,3,2025-09-03 13:00:00+00:00,"Ralph Lauren Corporation (RL) Hit a 52 Week High, Can the Run Continue?",https://www.nasdaq.com/articles/ralph-lauren-corporation-rl-hit-52-week-high-can-run-continue,0,2025-11-06 00:00:00,2025-08-07 00:00:00
RMD,ResMed Inc.,ResMed Inc.,NYSE,stocks,9999,0,2025-09-01 04:00:00+00:00,Validea's Top Health Care Stocks Based On Benjamin Graham - 9/1/2025,https://www.nasdaq.com/articles/valideas-top-health-care-stocks-based-benjamin-graham-9-1-2025,0,2025-10-23 00:00:00,2025-07-31 00:00:00
ROK,"Rockwell Automation, Inc.","Rockwell Automation, Inc.",NYSE,stocks,9999,0,2025-08-14 04:00:00+00:00,"Ex-Dividend Reminder: Cognizant Technology Solutions, Rockwell Automation and Ryder System",https://www.nasdaq.com/articles/ex-dividend-reminder-cognizant-technology-solutions-rockwell-automation-and-ryder-system,0,2025-11-06 00:00:00,2025-08-06 00:00:00
ROL,"Rollins, Inc.","Rollins, Inc.",NYSE,stocks,9999,0,2025-08-22 04:00:00+00:00,Rollins (ROL) Down 0.1% Since Last Earnings Report: Can It Rebound?,https://www.nasdaq.com/articles/rollins-rol-down-01-last-earnings-report-can-it-rebound,0,2025-10-22 00:00:00,2025-07-23 00:00:00
ROP,"Roper Technologies, Inc.","Roper Technologies, Inc.",NASDAQ,stocks,9999,1,2025-09-03 04:00:00+00:00,ROP Quantitative Stock Analysis - Martin Zweig,https://www.nasdaq.com/articles/rop-quantitative-stock-analysis-martin-zweig-0,0,2025-10-22 00:00:00,2025-07-21 00:00:00
ROST,"Ross Stores, Inc.","Ross Stores, Inc.",NASDAQ,stocks,9999,3,2025-09-03 04:00:00+00:00,"Tuesday Sector Leaders: Energy, Services",https://www.nasdaq.com/articles/tuesday-sector-leaders-energy-services,0,2025-11-20 00:00:00,2025-08-21 00:00:00
RSG,"Republic Services, Inc.","Republic Services, Inc.",NYSE,stocks,9999,1,2025-08-29 04:00:00+00:00,Why Is Clean Harbors (CLH) Up 3.3% Since Last Earnings Report?,https://www.nasdaq.com/articles/why-clean-harbors-clh-33-last-earnings-report,0,2025-11-04 00:00:00,2025-07-29 00:00:00
RTX,RTX Corporation,RTX Corporation,NYSE,stocks,9999,6,2025-09-03 15:00:00+00:00,RTX's Commercial Aftermarket Liftoff: Can It Overcome Tariff Gravity?,https://www.nasdaq.com/articles/rtxs-commercial-aftermarket-liftoff-can-it-overcome-tariff-gravity,0,2025-10-28 00:00:00,2025-07-22 00:00:00
RVTY,"Revvity, Inc.","Revvity, Inc.",NYSE,stocks,9999,0,2025-08-27 04:00:00+00:00,"Wednesday Sector Laggards: Healthcare, Industrial",https://www.nasdaq.com/articles/wednesday-sector-laggards-healthcare-industrial,0,2025-11-03 00:00:00,2025-07-28 00:00:00
SBAC,SBA Communications Corporation,SBA Communications Corporation,NASDAQ,stocks,9999,4,2025-09-03 04:00:00+00:00,RSI Alert: SBA Communications (SBAC) Now Oversold,https://www.nasdaq.com/articles/rsi-alert-sba-communications-sbac-now-oversold,0,2025-10-27 00:00:00,2025-08-04 00:00:00
SBUX,Starbucks Corporation,Starbucks Corporation,NASDAQ,stocks,9999,6,2025-09-03 20:00:00+00:00,"Noteworthy Wednesday Option Activity: AEO, JPM, SBUX",https://www.nasdaq.com/articles/noteworthy-wednesday-option-activity-aeo-jpm-sbux,0,2025-10-29 00:00:00,2025-07-29 00:00:00
SCHW,Charles Schwab Corporation (The,The Charles Schwab Corporation,NYSE,stocks,9999,8,2025-08-29 04:00:00+00:00,"Notable ETF Outflow Detected - IWB, BLK, BA, SCHW",https://www.nasdaq.com/articles/notable-etf-outflow-detected-iwb-blk-ba-schw,0,2025-10-21 00:00:00,2025-07-18 00:00:00
SHW,Sherwin-Williams Company (The),The Sherwin-Williams Company,NYSE,stocks,9999,1,2025-09-03 04:00:00+00:00,"Notable ETF Inflow Detected - DIA, HD, SHW, MCD",https://www.nasdaq.com/articles/notable-etf-inflow-detected-dia-hd-shw-mcd,0,2025-10-28 00:00:00,2025-07-22 00:00:00
SLB,Schlumberger N.V.,Schlumberger Limited,NYSE,stocks,9999,2,2025-09-04 10:15:00+00:00,Stocks Supported as Chances Improve for a Fed Rate Cut,https://www.nasdaq.com/articles/stocks-supported-chances-improve-fed-rate-cut,0,2025-10-17 00:00:00,2025-07-18 00:00:00
SNA,Snap-On Incorporated,Snap-on Incorporated,NYSE,stocks,9999,0,2025-09-03 13:00:00+00:00,"Pre-Market Most Active for Sep 3, 2025 : STI, OPEN, TSLL, GOOGL, GEG, SQQQ, NIO, M, AMCR, SMR, JOBY, SNAP",https://www.nasdaq.com/articles/pre-market-most-active-sep-3-2025-sti-open-tsll-googl-geg-sqqq-nio-m-amcr-smr-joby-snap,0,2025-10-16 00:00:00,2025-07-17 00:00:00
SNPS,"Synopsys, Inc.","Synopsys, Inc.",NASDAQ,stocks,9999,10,2025-09-03 22:00:00+00:00,Descartes Systems (DSGX) Lags Q2 Earnings Estimates,https://www.nasdaq.com/articles/descartes-systems-dsgx-lags-q2-earnings-estimates,0,2025-12-02 00:00:00,2025-05-28 00:00:00
SO,Southern Company (The),The Southern Company,NYSE,stocks,9999,2,2025-09-03 13:00:00+00:00,Southern Company Stock Is a Smart Hold in Today's Market,https://www.nasdaq.com/articles/southern-company-stock-smart-hold-todays-market,0,2025-10-30 00:00:00,2025-07-31 00:00:00
SPG,"Simon Property Group, Inc.","Simon Property Group, Inc.",NYSE,stocks,9999,1,2025-09-03 16:00:00+00:00,Why Is Simon Property (SPG) Up 5.7% Since Last Earnings Report?,https://www.nasdaq.com/articles/why-simon-property-spg-57-last-earnings-report,0,2025-11-07 00:00:00,2025-08-04 00:00:00
SPGI,S&P Global Inc.,S&P Global Inc.,NYSE,stocks,9999,2,2025-08-27 04:00:00+00:00,"Noteworthy ETF Outflows: FQAL, AZO, SPGI, HLT",https://www.nasdaq.com/articles/noteworthy-etf-outflows-fqal-azo-spgi-hlt,0,2025-10-23 00:00:00,2025-07-31 00:00:00
SPOT,Spotify Technology S.A.,Spotify Technology S.A.,NYSE,stocks,9999,3,2025-08-31 04:00:00+00:00,Tencent Music Stock Outshines Spotify as China's Music Giant,https://www.nasdaq.com/articles/tencent-music-stock-outshines-spotify-chinas-music-giant,0,2025-11-11 00:00:00,2025-07-29 00:00:00
SPY,SPDR S&P 500,SPDR S&P 500 ETF Trust,,etf,9999,16,2025-09-04 07:00:00+00:00,Stocks Supported as Chances Improve for a Fed Rate Cut,https://www.nasdaq.com/articles/stocks-supported-chances-improve-fed-rate-cut,0,1990-01-01 00:00:00,1990-01-01 00:00:00
SQQQ,ProShares UltraPro Short QQQ,ProShares UltraPro Short QQQ,,etf,9999,1,2025-09-03 13:00:00+00:00,"Pre-Market Most Active for Sep 3, 2025 : STI, OPEN, TSLL, GOOGL, GEG, SQQQ, NIO, M, AMCR, SMR, JOBY, SNAP",https://www.nasdaq.com/articles/pre-market-most-active-sep-3-2025-sti-open-tsll-googl-geg-sqqq-nio-m-amcr-smr-joby-snap,0,1990-01-01 00:00:00,1990-01-01 00:00:00
SRE,DBA Sempra,Sempra,NYSE,stocks,9999,2,2025-09-03 04:00:00+00:00,SRE Named A Top Socially Responsible Dividend Stock,https://www.nasdaq.com/articles/sre-named-top-socially-responsible-dividend-stock,0,2025-11-05 00:00:00,2025-08-07 00:00:00
STE,STERIS plc (Ireland),STERIS plc,NYSE,stocks,9999,2,2025-09-03 04:00:00+00:00,Why Steris (STE) is a Top Momentum Stock for the Long-Term,https://www.nasdaq.com/articles/why-steris-ste-top-momentum-stock-long-term,0,2025-11-05 00:00:00,2025-08-06 00:00:00
STLD,"Steel Dynamics, Inc.","Steel Dynamics, Inc.",NASDAQ,stocks,9999,0,2025-09-03 13:00:00+00:00,Nucor Gains 20% in 3 Months: How Should Investors Play the Stock?,https://www.nasdaq.com/articles/nucor-gains-20-3-months-how-should-investors-play-stock,0,2025-10-15 00:00:00,2025-07-21 00:00:00
STT,State Street Corporation,State Street Corporation,NYSE,stocks,9999,2,2025-08-21 04:00:00+00:00,Why Is KeyCorp (KEY) Down 3.1% Since Last Earnings Report?,https://www.nasdaq.com/articles/why-keycorp-key-down-31-last-earnings-report,0,2025-10-21 00:00:00,2025-07-15 00:00:00
STX,Seagate Technology Holdings PLC,Seagate Technology Holdings plc,NASDAQ,stocks,9999,5,2025-09-01 04:00:00+00:00,Validea Detailed Fundamental Analysis - STX,https://www.nasdaq.com/articles/validea-detailed-fundamental-analysis-stx-14,0,2025-10-28 00:00:00,2025-07-29 00:00:00
STZ,"Constellation Brands, Inc.","Constellation Brands, Inc.",NYSE,stocks,9999,1,2025-09-03 18:00:00+00:00,Stocks Retreat as Bond Yields Climb,https://www.nasdaq.com/articles/stocks-retreat-bond-yields-climb,0,2025-10-02 00:00:00,2025-07-01 00:00:00
SWK,"Stanley Black & Decker, Inc.","Stanley Black & Decker, Inc.",NYSE,stocks,9999,1,2025-09-04 08:00:00+00:00,Wall Street's Greatest Dividend Stock Makes for a Screaming Buy in September -- and It's a Company 99% of Investors Have Likely Never Heard of Before,https://www.nasdaq.com/articles/wall-streets-greatest-dividend-stock-makes-screaming-buy-september-and-its-company-99,0,2025-11-04 00:00:00,2025-07-29 00:00:00
SWKS,"Skyworks Solutions, Inc.","Skyworks Solutions, Inc.",NASDAQ,stocks,9999,0,2025-08-27 04:00:00+00:00,"FVAL, HPQ, SWKS, ARW: Large Outflows Detected at ETF",https://www.nasdaq.com/articles/fval-hpq-swks-arw-large-outflows-detected-etf,0,2025-11-11 00:00:00,2025-08-05 00:00:00
SYF,Synchrony Financial,Synchrony Financial,NYSE,stocks,9999,1,2025-09-03 04:00:00+00:00,August's Top S&P 500 Performers in the Financial Services Sector,https://www.nasdaq.com/articles/augusts-top-sp-500-performers-financial-services-sector,0,2025-10-15 00:00:00,2025-07-22 00:00:00
SYK,Stryker Corporation,Stryker Corporation,NYSE,stocks,9999,1,2025-09-03 04:00:00+00:00,SNN or SYK: Which Is the Better Value Stock Right Now?,https://www.nasdaq.com/articles/snn-or-syk-which-better-value-stock-right-now-0,0,2025-11-04 00:00:00,2025-07-31 00:00:00
SYY,Sysco Corporation,Sysco Corporation,NYSE,stocks,9999,0,2025-09-03 16:00:00+00:00,Why Is B&G Foods (BGS) Up 9% Since Last Earnings Report?,https://www.nasdaq.com/articles/why-bg-foods-bgs-9-last-earnings-report,0,2025-11-04 00:00:00,2025-07-29 00:00:00
T,AT&T Inc.,AT&T Inc.,NYSE,stocks,9999,8,2025-09-04 08:00:00+00:00,"As of 2025, the Average Social Security Retirement Benefit Check Is $1,976. Could Realty Income (O) Help Boost Your Retirement?",https://www.nasdaq.com/articles/2025-average-social-security-retirement-benefit-check-1976-could-realty-income-o-help,0,2025-10-22 00:00:00,2025-07-23 00:00:00
TAP,Molson Coors Beverage Company,Molson Coors Beverage Company,NYSE,stocks,9999,0,2025-09-03 15:00:00+00:00,"Ex-Dividend Reminder: General Motors, Molson Coors Beverage and Flowers Foods",https://www.nasdaq.com/articles/ex-dividend-reminder-general-motors-molson-coors-beverage-and-flowers-foods,0,2025-11-06 00:00:00,2025-08-05 00:00:00
TDG,Transdigm Group Incorporated,TransDigm Group Incorporated,NYSE,stocks,9999,3,2025-09-03 04:00:00+00:00,TransDigm Group Enters Oversold Territory (TDG),https://www.nasdaq.com/articles/transdigm-group-enters-oversold-territory-tdg-0,0,2025-11-06 00:00:00,2025-08-05 00:00:00
TDY,Teledyne Technologies Incorpora,Teledyne Technologies Incorporated,NYSE,stocks,9999,2,2025-08-28 04:00:00+00:00,Teledyne To Acquire TransponderTech Business From Saab,https://www.nasdaq.com/articles/teledyne-acquire-transpondertech-business-saab,0,2025-10-22 00:00:00,2025-07-23 00:00:00
TECH,Bio-Techne Corp,Bio-Techne Corporation,NASDAQ,stocks,9999,0,2025-08-28 04:00:00+00:00,"Thursday Sector Laggards: Consumer Products, Healthcare",https://www.nasdaq.com/articles/thursday-sector-laggards-consumer-products-healthcare,0,2025-10-29 00:00:00,2025-08-06 00:00:00
TEL,TE Connectivity Ltd. New Switze,TE Connectivity Ltd.,NYSE,stocks,9999,3,2025-09-03 04:00:00+00:00,"The Zacks Analyst Blog Highlights Keurig Dr Pepper, TE Connectivity, Corning and Tencent Music",https://www.nasdaq.com/articles/zacks-analyst-blog-highlights-keurig-dr-pepper-te-connectivity-corning-and-tencent-music,0,2025-10-29 00:00:00,2025-07-23 00:00:00
TER,"Teradyne, Inc.","Teradyne, Inc.",NASDAQ,stocks,9999,1,2025-09-03 15:00:00+00:00,"Ex-Dividend Reminder: Open Text, Teradyne and C.H. Robinson Worldwide",https://www.nasdaq.com/articles/ex-dividend-reminder-open-text-teradyne-and-ch-robinson-worldwide,0,2025-10-22 00:00:00,2025-07-29 00:00:00
TFC,Truist Financial Corporation,Truist Financial Corporation,NYSE,stocks,9999,0,2025-09-03 14:00:00+00:00,F.N.B. Announces De Novo Expansion in Southeast & Mid-Atlantic Markets,https://www.nasdaq.com/articles/fnb-announces-de-novo-expansion-southeast-mid-atlantic-markets,0,2025-10-16 00:00:00,2025-01-17 00:00:00
TFX,Teleflex Incorporated,Teleflex Incorporated,NYSE,stocks,9999,0,2025-09-03 16:00:00+00:00,Waters (WAT) Up 5.4% Since Last Earnings Report: Can It Continue?,https://www.nasdaq.com/articles/waters-wat-54-last-earnings-report-can-it-continue,0,2025-10-30 00:00:00,2025-07-31 00:00:00
TGT,Target Corporation,Target Corporation,NYSE,stocks,9999,9,2025-09-03 04:00:00+00:00,"This Company Has Raised Its Guidance, Even as It Braces for ""Significant Pressure"" From Tariffs",https://www.nasdaq.com/articles/company-has-raised-its-guidance-even-it-braces-significant-pressure-tariffs,0,2025-11-19 00:00:00,2025-08-20 00:00:00
TJX,"TJX Companies, Inc. (The)","The TJX Companies, Inc.",NYSE,stocks,9999,6,2025-09-03 17:00:00+00:00,"Macy's Q2 Earnings Beat Estimates, Comps Rise Y/Y, FY25 View Up",https://www.nasdaq.com/articles/macys-q2-earnings-beat-estimates-comps-rise-y-y-fy25-view,0,2025-11-19 00:00:00,2025-08-20 00:00:00
TLT,iShares 20+ Year Treasury Bond ,iShares 20+ Year Treasury Bond ETF,,etf,9999,1,2025-08-25 10:00:00+00:00,ETF Strategies to Follow as Powell Hints at September Rate Cuts,https://www.nasdaq.com/articles/etf-strategies-follow-powell-hints-september-rate-cuts,0,1990-01-01 00:00:00,1990-01-01 00:00:00
TM,Toyota Motor Corporation,Toyota Motor Corporation,NYSE,stocks,9999,2,2025-08-29 04:00:00+00:00,Does GM's Factory Zero Shift Cut Signal a Slowdown in its EV Push?,https://www.nasdaq.com/articles/does-gms-factory-zero-shift-cut-signal-slowdown-its-ev-push,0,2025-11-05 00:00:00,2025-08-07 00:00:00
TMO,Thermo Fisher Scientific Inc,Thermo Fisher Scientific Inc.,NYSE,stocks,9999,2,2025-09-03 16:00:00+00:00,Why Is Idexx (IDXX) Down 0.4% Since Last Earnings Report?,https://www.nasdaq.com/articles/why-idexx-idxx-down-04-last-earnings-report,0,2025-10-22 00:00:00,2025-07-23 00:00:00
TMUS,"T-Mobile US, Inc.","T-Mobile US, Inc.",NASDAQ,stocks,9999,12,2025-09-03 15:00:00+00:00,Verizon Rises 9.5% Year to Date: Should You Invest in VZ Stock Now?,https://www.nasdaq.com/articles/verizon-rises-95-year-date-should-you-invest-vz-stock-now,0,2025-10-21 00:00:00,2025-04-24 00:00:00
TPR,"Tapestry, Inc.","Tapestry, Inc.",NYSE,stocks,9999,1,2025-09-03 15:00:00+00:00,"Ex-Dividend Reminder: Kimberly-Clark, Tapestry and Acushnet Holdings",https://www.nasdaq.com/articles/ex-dividend-reminder-kimberly-clark-tapestry-and-acushnet-holdings,0,2025-11-06 00:00:00,2025-08-14 00:00:00
TQQQ,ProShares UltraPro QQQ,ProShares UltraPro QQQ,,etf,9999,0,2025-09-03 04:00:00+00:00,"Pre-Market Most Active for Sep 2, 2025 : NIO, TSLL, OPEN, NVDA, SQQQ, BAC, MNKD, TQQQ, TIXT, BABA, SNAP, ACHR",https://www.nasdaq.com/articles/pre-market-most-active-sep-2-2025-nio-tsll-open-nvda-sqqq-bac-mnkd-tqqq-tixt-baba-snap,0,1990-01-01 00:00:00,1990-01-01 00:00:00
TRGP,"Targa Resources, Inc.",Targa Resources Corp.,NYSE,stocks,9999,1,2025-09-03 16:00:00+00:00,Targa Opens Non-Binding Forza Pipeline Bids to Boost Delaware Gas Flow,https://www.nasdaq.com/articles/targa-opens-non-binding-forza-pipeline-bids-boost-delaware-gas-flow,0,2025-11-04 00:00:00,2025-08-07 00:00:00
TRMB,Trimble Inc.,Trimble Inc.,NASDAQ,stocks,9999,1,2025-08-21 04:00:00+00:00,AGCO Gains From Precision Ag Business Demand & Cost Control Efforts,https://www.nasdaq.com/articles/agco-gains-precision-ag-business-demand-cost-control-efforts,0,2025-11-05 00:00:00,2025-08-06 00:00:00
TROW,"T. Rowe Price Group, Inc.","T. Rowe Price Group, Inc.",NASDAQ,stocks,9999,9,2025-09-03 14:00:00+00:00,Best Momentum Stock to Buy for September 3rd,https://www.nasdaq.com/articles/best-momentum-stock-buy-september-3rd,0,2025-11-07 00:00:00,2025-08-01 00:00:00
TRV,"The Travelers Companies, Inc.","The Travelers Companies, Inc.",NYSE,stocks,9999,5,2025-08-29 04:00:00+00:00,Why Is Allstate (ALL) Up 0.3% Since Last Earnings Report?,https://www.nasdaq.com/articles/why-allstate-all-03-last-earnings-report,0,2025-10-15 00:00:00,2025-01-22 00:00:00
TSCO,Tractor Supply Company,Tractor Supply Company,NASDAQ,stocks,9999,1,2025-09-03 04:00:00+00:00,"Beat the Market the Zacks Way: Oracle, Intellia, Pharming Group in Focus",https://www.nasdaq.com/articles/beat-market-zacks-way-oracle-intellia-pharming-group-focus,0,2025-10-23 00:00:00,2025-07-24 00:00:00
TSLA,"Tesla, Inc.",Elon Musk,NASDAQ,stocks,9999,28,2025-09-04 07:00:00+00:00,Best Stock to Buy Right Now: Amazon vs. Alphabet,https://www.nasdaq.com/articles/best-stock-buy-right-now-amazon-vs-alphabet,0,2025-10-22 00:00:00,2025-07-23 00:00:00
TSM,Taiwan Semiconductor Manufactur,Taiwan Semiconductor Manufacturing Company Limited,NYSE,stocks,9999,10,2025-09-04 09:29:00+00:00,10 Quality Stocks With True Pricing Power,https://www.nasdaq.com/articles/10-quality-stocks-true-pricing-power,0,2025-10-16 00:00:00,2025-07-17 00:00:00
TSN,"Tyson Foods, Inc.","Tyson Foods, Inc.",NYSE,stocks,9999,0,2025-09-03 16:00:00+00:00,Tyson (TSN) Up 3.2% Since Last Earnings Report: Can It Continue?,https://www.nasdaq.com/articles/tyson-tsn-32-last-earnings-report-can-it-continue,0,2025-11-11 00:00:00,2025-08-04 00:00:00
TT,Trane Technologies plc,Trane Technologies plc,NYSE,stocks,9999,2,2025-08-29 04:00:00+00:00,Why Is Trane Technologies (TT) Down 3.1% Since Last Earnings Report?,https://www.nasdaq.com/articles/why-trane-technologies-tt-down-31-last-earnings-report,0,2025-10-29 00:00:00,2025-07-30 00:00:00
TTWO,"Take-Two Interactive Software, ","Take-Two Interactive Software, Inc.",NASDAQ,stocks,9999,2,2025-09-03 16:00:00+00:00,BYD vs. TTWO: Which Stock Is the Better Value Option?,https://www.nasdaq.com/articles/byd-vs-ttwo-which-stock-better-value-option,0,2025-11-05 00:00:00,2025-08-07 00:00:00
TXN,Texas Instruments Incorporated,Texas Instruments Incorporated,NASDAQ,stocks,9999,4,2025-09-03 18:00:00+00:00,Stocks Retreat as Bond Yields Climb,https://www.nasdaq.com/articles/stocks-retreat-bond-yields-climb,0,2025-10-28 00:00:00,2025-07-22 00:00:00
TXT,Textron Inc.,Textron Inc.,NYSE,stocks,9999,4,2025-09-01 04:00:00+00:00,BAE Systems Supplies CV90 MkIV Combat Vehicle to Czech Army,https://www.nasdaq.com/articles/bae-systems-supplies-cv90-mkiv-combat-vehicle-czech-army,0,2025-10-23 00:00:00,2025-07-24 00:00:00
TYL,"Tyler Technologies, Inc.","Tyler Technologies, Inc.",NYSE,stocks,9999,0,2025-08-29 04:00:00+00:00,Why Is Tyler Technologies (TYL) Down 4.8% Since Last Earnings Report?,https://www.nasdaq.com/articles/why-tyler-technologies-tyl-down-48-last-earnings-report,0,2025-10-22 00:00:00,2025-07-30 00:00:00
UAL,"United Airlines Holdings, Inc.","United Airlines Holdings, Inc.",NASDAQ,stocks,9999,5,2025-09-04 09:00:00+00:00,Time to Buy the Dip on Archer Aviation Stock Below $10?,https://www.nasdaq.com/articles/time-buy-dip-archer-aviation-stock-below-10-0,0,2025-10-21 00:00:00,2025-07-16 00:00:00
UBER,"Uber Technologies, Inc.","Uber Technologies, Inc.",NYSE,stocks,9999,13,2025-09-04 09:00:00+00:00,The 6 Best Stocks to Buy Right Now in September (2025)!,https://www.nasdaq.com/articles/6-best-stocks-buy-right-now-september-2025,0,2025-10-30 00:00:00,2025-08-06 00:00:00
UDR,"UDR, Inc.","UDR, Inc.",NYSE,stocks,9999,0,2025-08-29 04:00:00+00:00,UDR (UDR) Down 0.7% Since Last Earnings Report: Can It Rebound?,https://www.nasdaq.com/articles/udr-udr-down-07-last-earnings-report-can-it-rebound,0,2025-10-29 00:00:00,2025-07-30 00:00:00
UHS,"Universal Health Services, Inc.","Universal Health Services, Inc.",NYSE,stocks,9999,1,2025-09-03 04:00:00+00:00,Tenet Healthcare Jumps 46% YTD & Trades Cheap: Should You Buy Now?,https://www.nasdaq.com/articles/tenet-healthcare-jumps-46-ytd-trades-cheap-should-you-buy-now,0,2025-10-23 00:00:00,2025-07-28 00:00:00
ULTA,"Ulta Beauty, Inc.","Ulta Beauty, Inc.",NASDAQ,stocks,9999,2,2025-09-03 18:00:00+00:00,Stocks Retreat as Bond Yields Climb,https://www.nasdaq.com/articles/stocks-retreat-bond-yields-climb,0,2025-12-04 00:00:00,2025-08-28 00:00:00
UNH,UnitedHealth Group Incorporated,UnitedHealth Group Incorporated,NYSE,stocks,9999,14,2025-09-04 08:00:00+00:00,These Were the 5 Top-Performing Stocks in the S&P 500 in August 2025,https://www.nasdaq.com/articles/these-were-5-top-performing-stocks-sp-500-august-2025,0,2025-10-21 00:00:00,2025-07-29 00:00:00
UNP,Union Pacific Corporation,Union Pacific Corporation,NYSE,stocks,9999,2,2025-09-03 15:00:00+00:00,FlexShares Quality Dividend Index Fund Experiences Big Inflow,https://www.nasdaq.com/articles/flexshares-quality-dividend-index-fund-experiences-big-inflow,0,2025-10-23 00:00:00,2025-07-24 00:00:00
UPS,"United Parcel Service, Inc.","United Parcel Service, Inc.",NYSE,stocks,9999,0,2025-09-03 04:00:00+00:00,"Noteworthy Tuesday Option Activity: AVT, AEIS, UPS",https://www.nasdaq.com/articles/noteworthy-tuesday-option-activity-avt-aeis-ups,0,2025-10-23 00:00:00,2025-07-29 00:00:00
URI,"United Rentals, Inc.","United Rentals, Inc.",NYSE,stocks,9999,1,2025-09-02 04:00:00+00:00,"Zacks Market Edge Highlights: GOOGL, BWA, BAC, LECO and URI",https://www.nasdaq.com/articles/zacks-market-edge-highlights-googl-bwa-bac-leco-and-uri,0,2025-10-22 00:00:00,2025-07-23 00:00:00
USB,U.S. Bancorp,U.S. Bancorp,NYSE,stocks,9999,3,2025-08-29 04:00:00+00:00,The Math Shows IWX Can Go To $95,https://www.nasdaq.com/articles/math-shows-iwx-can-go-95,0,2025-10-16 00:00:00,2025-01-16 00:00:00
V,Visa Inc.,Visa Inc.,NYSE,stocks,9999,5,2025-09-04 09:29:00+00:00,10 Quality Stocks With True Pricing Power,https://www.nasdaq.com/articles/10-quality-stocks-true-pricing-power,0,2026-01-28 00:00:00,2025-07-29 00:00:00
VFC,V.F. Corporation,V.F. Corporation,NYSE,stocks,9999,1,2025-09-03 14:00:00+00:00,Lululemon's Hidden Growth Engine: Why International Expansion Could Spark a Comeback,https://www.nasdaq.com/articles/lululemons-hidden-growth-engine-why-international-expansion-could-spark-comeback,0,2025-10-27 00:00:00,2025-07-30 00:00:00
VICI,VICI Properties Inc.,VICI Properties Inc.,NYSE,stocks,9999,4,2025-09-03 04:00:00+00:00,Host Hotels Is Up 9.8% in Three Months: Will the Stock Continue?,https://www.nasdaq.com/articles/host-hotels-98-three-months-will-stock-continue,0,2025-10-30 00:00:00,2025-07-30 00:00:00
VIXM,ProShares Trust VIX Mid-Term Fu,ProShares VIX Mid-Term Futures ETF,,etf,0,0,2024-07-16 02:04:00+00:00,Higher Open Anticipated For Thai Stock Market,https://www.nasdaq.com/articles/higher-open-anticipated-thai-stock-market,0,1990-01-01 00:00:00,1990-01-01 00:00:00
VIXY,ProShares Trust VIX Short-Term ,ProShares VIX Short-Term Futures ETF,,etf,9999,0,2025-08-28 04:00:00+00:00,Why Caution Still Matters in a Bullish Market? ETFs in Focus,https://www.nasdaq.com/articles/why-caution-still-matters-bullish-market-etfs-focus,0,1990-01-01 00:00:00,1990-01-01 00:00:00
VLO,Valero Energy Corporation,Valero Energy Corporation,NYSE,stocks,9999,4,2025-09-03 17:00:00+00:00,"Noteworthy Wednesday Option Activity: CRM, VLO, K",https://www.nasdaq.com/articles/noteworthy-wednesday-option-activity-crm-vlo-k,0,2025-10-23 00:00:00,2025-07-24 00:00:00
VMC,Vulcan Materials Company (Holdi,Vulcan Materials Company,NYSE,stocks,9999,0,2025-08-20 04:00:00+00:00,Zacks Industry Outlook Highlights Vulcan Materials and Martin Marietta,https://www.nasdaq.com/articles/zacks-industry-outlook-highlights-vulcan-materials-and-martin-marietta,0,2025-10-29 00:00:00,2025-07-31 00:00:00
VRSK,"Verisk Analytics, Inc.","Verisk Analytics, Inc.",NASDAQ,stocks,9999,1,2025-09-01 04:00:00+00:00,IMCB's Holdings Imply 10% Gain Potential,https://www.nasdaq.com/articles/imcbs-holdings-imply-10-gain-potential,0,2025-10-29 00:00:00,2025-07-30 00:00:00
VRTX,Vertex Pharmaceuticals Incorpor,Vertex Pharmaceuticals Incorporated,NASDAQ,stocks,9999,1,2025-09-03 16:00:00+00:00,Why Is Vertex (VRTX) Up 6.9% Since Last Earnings Report?,https://www.nasdaq.com/articles/why-vertex-vrtx-69-last-earnings-report,0,2025-11-03 00:00:00,2025-08-04 00:00:00
VST,Vistra Corp.,Vistra Corp.,NYSE,stocks,9999,3,2025-09-03 04:00:00+00:00,This Billionaire's Biggest Holding Is Up 80% Since April...and He Just Bought More. Could It Double From Here?,https://www.nasdaq.com/articles/billionaires-biggest-holding-80-apriland-he-just-bought-more-could-it-double-here,0,2025-11-05 00:00:00,2025-05-07 00:00:00
VTRS,Viatris Inc.,Viatris Inc.,NASDAQ,stocks,9999,0,2025-09-04 08:00:00+00:00,"Zacks Investment Ideas feature highlights: Church & Dwight, Eli Lilly and Viatris",https://www.nasdaq.com/articles/zacks-investment-ideas-feature-highlights-church-dwight-eli-lilly-and-viatris,0,2025-11-06 00:00:00,2025-08-07 00:00:00
VZ,Verizon Communications Inc.,Verizon Communications Inc.,NYSE,stocks,9999,11,2025-09-03 15:00:00+00:00,Verizon Rises 9.5% Year to Date: Should You Invest in VZ Stock Now?,https://www.nasdaq.com/articles/verizon-rises-95-year-date-should-you-invest-vz-stock-now,0,2025-10-28 00:00:00,2025-07-21 00:00:00
WAB,Westinghouse Air Brake Technolo,Westinghouse Air Brake Technologies Corporation,NYSE,stocks,9999,0,2025-08-26 04:00:00+00:00,Validea's Top Industrial Stocks Based On Peter Lynch - 8/26/2025,https://www.nasdaq.com/articles/valideas-top-industrial-stocks-based-peter-lynch-8-26-2025,0,2025-10-22 00:00:00,2025-07-24 00:00:00
WAT,Waters Corporation,Waters Corporation,NYSE,stocks,9999,1,2025-09-03 16:00:00+00:00,Waters (WAT) Up 5.4% Since Last Earnings Report: Can It Continue?,https://www.nasdaq.com/articles/waters-wat-54-last-earnings-report-can-it-continue,0,2025-11-07 00:00:00,2025-08-04 00:00:00
WBA,"Walgreens Boots Alliance, Inc.","Walgreens Boots Alliance, Inc.",NASDAQ,stocks,0,0,2025-08-26 02:00:00+00:00,Interactive Brokers Group To Replace Walgreens Boots Alliance In S&P 500,https://www.nasdaq.com/articles/interactive-brokers-group-replace-walgreens-boots-alliance-sp-500,0,2025-10-21 00:00:00,2025-06-26 00:00:00
WBD,"Warner Bros. Discovery, Inc. - ","Warner Bros. Discovery, Inc.",NASDAQ,stocks,9999,3,2025-09-03 18:00:00+00:00,WBD Factor-Based Stock Analysis,https://www.nasdaq.com/articles/wbd-factor-based-stock-analysis-6,0,2025-11-06 00:00:00,2025-08-07 00:00:00
WDC,Western Digital Corporation,Western Digital Corporation,NASDAQ,stocks,9999,2,2025-09-04 10:14:00+00:00,Stocks Supported as Chances Improve for a Fed Rate Cut,https://www.nasdaq.com/articles/stocks-supported-chances-improve-fed-rate-cut,0,2025-10-23 00:00:00,2025-07-30 00:00:00
WEC,"WEC Energy Group, Inc.","WEC Energy Group, Inc.",NYSE,stocks,9999,0,2025-09-03 13:00:00+00:00,Southern Company Stock Is a Smart Hold in Today's Market,https://www.nasdaq.com/articles/southern-company-stock-smart-hold-todays-market,0,2025-10-30 00:00:00,2025-07-30 00:00:00
WFC,Wells Fargo & Company,Wells Fargo & Company,NYSE,stocks,9999,6,2025-09-03 12:00:00+00:00,WFC a Top 25 Dividend Giant With $34.40B Held By ETFs,https://www.nasdaq.com/articles/wfc-top-25-dividend-giant-3440b-held-etfs,0,2025-10-14 00:00:00,2025-07-15 00:00:00
WHR,Whirlpool Corporation,Whirlpool Corporation,NYSE,stocks,9999,1,2025-09-04 09:00:00+00:00,Bear of the Day: Whirlpool (WHR),https://www.nasdaq.com/articles/bear-day-whirlpool-whr-0,0,2025-10-27 00:00:00,2025-07-28 00:00:00
WM,"Waste Management, Inc.","Waste Management, Inc.",NYSE,stocks,9999,1,2025-09-03 04:00:00+00:00,"After Hours Most Active for Sep 2, 2025 : T, GOOGL, GOOG, GOSS, AAPL, NVDA, HPE, F, BAC, OPEN, JNJ, WMB",https://www.nasdaq.com/articles/after-hours-most-active-sep-2-2025-t-googl-goog-goss-aapl-nvda-hpe-f-bac-open-jnj-wmb,0,2025-10-27 00:00:00,2025-07-28 00:00:00
WMB,"Williams Companies, Inc. (The)","The Williams Companies, Inc.",NYSE,stocks,9999,2,2025-09-03 16:00:00+00:00,The Williams Companies (WMB) Down 2.8% Since Last Earnings Report: Can It Rebound?,https://www.nasdaq.com/articles/williams-companies-wmb-down-28-last-earnings-report-can-it-rebound,0,2025-11-05 00:00:00,2025-08-04 00:00:00
WMT,Walmart Inc.,Walmart Inc.,NYSE,stocks,9999,10,2025-09-04 08:00:00+00:00,"As of 2025, the Average Social Security Retirement Benefit Check Is $1,976. Could Realty Income (O) Help Boost Your Retirement?",https://www.nasdaq.com/articles/2025-average-social-security-retirement-benefit-check-1976-could-realty-income-o-help,155,,2025-08-21 00:00:00
WRB,W.R. Berkley Corporation,W. R. Berkley Corporation,NYSE,stocks,9999,0,2025-09-03 16:00:00+00:00,Why Is CNA Financial (CNA) Up 5.2% Since Last Earnings Report?,https://www.nasdaq.com/articles/why-cna-financial-cna-52-last-earnings-report,0,2025-10-20 00:00:00,2025-07-21 00:00:00
WTW,Willis Towers Watson Public Lim,Willis Towers Watson Public Limited Company,NASDAQ,stocks,9999,4,2025-09-01 04:00:00+00:00,Willis Towers Trades Above 50-Day SMA: How to Play the Stock?,https://www.nasdaq.com/articles/willis-towers-trades-above-50-day-sma-how-play-stock,0,2025-10-30 00:00:00,2025-07-31 00:00:00
WY,Weyerhaeuser Company,Weyerhaeuser Company,NYSE,stocks,9999,0,2025-08-27 04:00:00+00:00,Why Is UFP Industries (UFPI) Up 2.6% Since Last Earnings Report?,https://www.nasdaq.com/articles/why-ufp-industries-ufpi-26-last-earnings-report,0,2025-10-23 00:00:00,2025-07-24 00:00:00
WYNN,"Wynn Resorts, Limited","Wynn Resorts, Limited",NASDAQ,stocks,9999,2,2025-09-03 16:00:00+00:00,YieldBoost WYNN From 0.8% To 7.5% Using Options,https://www.nasdaq.com/articles/yieldboost-wynn-08-75-using-options,0,2025-11-03 00:00:00,2025-08-07 00:00:00
XEL,Xcel Energy Inc.,Xcel Energy Inc.,NASDAQ,stocks,9999,1,2025-08-27 04:00:00+00:00,How Is PPL Using Digital Transformation to Improve Efficiency?,https://www.nasdaq.com/articles/how-ppl-using-digital-transformation-improve-efficiency,0,2025-10-30 00:00:00,2025-07-31 00:00:00
XLK,SPDR Select Sector Fund - Techn,Technology Select Sector SPDR Fund,,etf,9999,2,2025-09-03 04:00:00+00:00,"Tuesday Sector Laggards: Technology & Communications, Industrial",https://www.nasdaq.com/articles/tuesday-sector-laggards-technology-communications-industrial-0,0,1990-01-01 00:00:00,1990-01-01 00:00:00
XOM,Exxon Mobil Corporation,Exxon Mobil Corporation,NYSE,stocks,9999,12,2025-09-04 10:15:00+00:00,Stocks Supported as Chances Improve for a Fed Rate Cut,https://www.nasdaq.com/articles/stocks-supported-chances-improve-fed-rate-cut,0,2025-11-07 00:00:00,2025-08-01 00:00:00
XRAY,DENTSPLY SIRONA Inc.,DENTSPLY SIRONA Inc.,NASDAQ,stocks,9999,0,2025-09-03 04:00:00+00:00,Dentsply Sirona (XRAY) Q2 2025 Earnings Transcript,https://www.nasdaq.com/articles/dentsply-sirona-xray-q2-2025-earnings-transcript,0,2025-11-06 00:00:00,2025-08-07 00:00:00
XYL,Xylem Inc.,Xylem Inc.,NYSE,stocks,9999,0,2025-08-26 04:00:00+00:00,"Ex-Dividend Reminder: NetEase, RB Global and Xylem",https://www.nasdaq.com/articles/ex-dividend-reminder-netease-rb-global-and-xylem,0,2025-10-30 00:00:00,2025-07-31 00:00:00
YUM,"Yum! Brands, Inc.","Yum! Brands, Inc.",NYSE,stocks,9999,3,2025-08-31 04:00:00+00:00,3 Standout Themes That Emerged From Earnings Season,https://www.nasdaq.com/articles/3-standout-themes-emerged-earnings-season,0,2025-11-04 00:00:00,2025-08-05 00:00:00
ZBH,"Zimmer Biomet Holdings, Inc.","Zimmer Biomet Holdings, Inc.",NYSE,stocks,9999,0,2025-09-01 04:00:00+00:00,Validea's Top Health Care Stocks Based On Peter Lynch - 9/1/2025,https://www.nasdaq.com/articles/valideas-top-health-care-stocks-based-peter-lynch-9-1-2025,0,2025-10-29 00:00:00,2025-08-07 00:00:00
ZBRA,Zebra Technologies Corporation,Zebra Technologies Corporation,NASDAQ,stocks,9999,0,2025-08-28 04:00:00+00:00,Here's Why Investing in Zebra Technologies Stock Makes Sense,https://www.nasdaq.com/articles/heres-why-investing-zebra-technologies-stock-makes-sense,0,2025-11-04 00:00:00,2025-08-05 00:00:00
ZION,Zions Bancorporation N.A.,"Zions Bancorporation, National Association",NASDAQ,stocks,9999,0,2025-09-03 04:00:00+00:00,"Zacks.com featured highlights include Post Holdings, Pediatrix Medical, Envista and Zions Bancorporation",https://www.nasdaq.com/articles/zackscom-featured-highlights-include-post-holdings-pediatrix-medical-envista-and-zions,0,2025-10-20 00:00:00,2025-07-21 00:00:00
ZTS,Zoetis Inc.,Zoetis Inc.,NYSE,stocks,9999,1,2025-08-27 04:00:00+00:00,Validea's Top Health Care Stocks Based On Martin Zweig - 8/27/2025,https://www.nasdaq.com/articles/valideas-top-health-care-stocks-based-martin-zweig-8-27-2025,0,2025-11-03 00:00:00,2025-08-05 00:00:00
